EMP CODE,EMP NAME,BASIC SALARY,DA,GROSS SALARY,NET SALARY,IC,PF,TOTAL-DEDUCTIONS
EMP0001,Grace,52594.81,5259.48,57854.29,48019.07,2892.71,6942.51,9835.22
EMP0002,David,41234.61,4123.46,45358.07,37647.2,2267.9,5442.97,7710.87
EMP0003,Ivy,47976.96,4797.7,52774.66,43802.97,2638.73,6332.96,8971.69
EMP0004,Bob,98879.16,9887.92,108767.08,90276.68,5438.35,13052.05,18490.4
EMP0005,Ivy,48860.31,4886.03,53746.34,44609.46,2687.32,6449.56,9136.88
EMP0006,David,94153.07,9415.31,103568.38,85961.75,5178.42,12428.21,17606.63
EMP0007,Grace,18550.13,1855.01,20405.14,16936.26,1020.26,2448.62,3468.88
EMP0008,Grace,84797.52,8479.75,93277.27,77420.14,4663.86,11193.27,15857.13
EMP0009,Bob,57122.62,5712.26,62834.88,52152.95,3141.74,7540.19,10681.93
EMP0010,Emily,52896.34,5289.63,58185.97,48294.35,2909.3,6982.32,9891.62
EMP0011,Bob,85777.37,8577.74,94355.11,78314.74,4717.76,11322.61,16040.37
EMP0012,Alice,56282.06,5628.21,61910.27,51385.53,3095.51,7429.23,10524.74
EMP0013,Emily,31123.35,3112.34,34235.69,28415.63,1711.78,4108.28,5820.06
EMP0014,Jack,79232.57,7923.26,87155.83,72339.34,4357.79,10458.7,14816.49
EMP0015,Grace,56307.94,5630.79,61938.73,51409.14,3096.94,7432.65,10529.59
EMP0016,Frank,33168.79,3316.88,36485.67,30283.11,1824.28,4378.28,6202.56
EMP0017,Charlie,39468.49,3946.85,43415.34,36034.73,2170.77,5209.84,7380.61
EMP0018,Charlie,65293.95,6529.4,71823.35,59613.38,3591.17,8618.8,12209.97
EMP0019,Emily,48363.86,4836.39,53200.25,44156.21,2660.01,6384.03,9044.04
EMP0020,Grace,62426.39,6242.64,68669.03,56995.3,3433.45,8240.28,11673.73
EMP0021,David,64977.6,6497.76,71475.36,59324.55,3573.77,8577.04,12150.81
EMP0022,Charlie,55737.49,5573.75,61311.24,50888.33,3065.56,7357.35,10422.91
EMP0023,Ivy,82735.31,8273.53,91008.84,75537.34,4550.44,10921.06,15471.5
EMP0024,Frank,15764.75,1576.48,17341.23,14393.22,867.06,2080.95,2948.01
EMP0025,Jack,54361.92,5436.19,59798.11,49632.43,2989.91,7175.77,10165.68
EMP0026,Frank,97731.02,9773.1,107504.12,89228.42,5375.21,12900.49,18275.7
EMP0027,Frank,95127.92,9512.79,104640.71,86851.78,5232.04,12556.89,17788.93
EMP0028,Bob,78743.85,7874.39,86618.24,71893.14,4330.91,10394.19,14725.1
EMP0029,Grace,56840.6,5684.06,62524.66,51895.47,3126.23,7502.96,10629.19
EMP0030,Henry,48181.98,4818.2,53000.18,43990.15,2650.01,6360.02,9010.03
EMP0031,Grace,25749.14,2574.91,28324.05,23508.96,1416.2,3398.89,4815.09
EMP0032,Charlie,45352.46,4535.25,49887.71,41406.79,2494.39,5986.53,8480.92
EMP0033,Ivy,25152.38,2515.24,27667.62,22964.13,1383.38,3320.11,4703.49
EMP0034,Emily,30309.03,3030.9,33339.93,27672.14,1667.0,4000.79,5667.79
EMP0035,Alice,60127.57,6012.76,66140.33,54896.47,3307.02,7936.84,11243.86
EMP0036,Ivy,90873.98,9087.4,99961.38,82967.94,4998.07,11995.37,16993.44
EMP0037,Ivy,32083.72,3208.37,35292.09,29292.44,1764.6,4235.05,5999.65
EMP0038,Grace,64956.7,6495.67,71452.37,59305.47,3572.62,8574.28,12146.9
EMP0039,Ivy,91505.46,9150.55,100656.01,83544.49,5032.8,12078.72,17111.52
EMP0040,Grace,67562.91,6756.29,74319.2,61684.94,3715.96,8918.3,12634.26
EMP0041,Charlie,80548.99,8054.9,88603.89,73541.23,4430.19,10632.47,15062.66
EMP0042,Charlie,81122.83,8112.28,89235.11,74065.14,4461.76,10708.21,15169.97
EMP0043,Bob,29008.16,2900.82,31908.98,26484.45,1595.45,3829.08,5424.53
EMP0044,Grace,85036.77,8503.68,93540.45,77638.58,4677.02,11224.85,15901.87
EMP0045,Jack,72809.99,7281.0,80090.99,66475.52,4004.55,9610.92,13615.47
EMP0046,Grace,50484.58,5048.46,55533.04,46092.43,2776.65,6663.96,9440.61
EMP0047,Charlie,52554.93,5255.49,57810.42,47982.65,2890.52,6937.25,9827.77
EMP0048,Grace,62878.06,6287.81,69165.87,57407.68,3458.29,8299.9,11758.19
EMP0049,Charlie,70306.81,7030.68,77337.49,64190.12,3866.87,9280.5,13147.37
EMP0050,Jack,57757.02,5775.7,63532.72,52732.15,3176.64,7623.93,10800.57
EMP0051,Bob,49138.82,4913.88,54052.7,44863.74,2702.64,6486.32,9188.96
EMP0052,Henry,90074.23,9007.42,99081.65,82237.77,4954.08,11889.8,16843.88
EMP0053,Frank,37304.82,3730.48,41035.3,34059.29,2051.77,4924.24,6976.01
EMP0054,Ivy,83678.92,8367.89,92046.81,76398.85,4602.34,11045.62,15647.96
EMP0055,Emily,88592.37,8859.24,97451.61,80884.84,4872.58,11694.19,16566.77
EMP0056,Bob,98946.48,9894.65,108841.13,90338.13,5442.06,13060.94,18503.0
EMP0057,Henry,88451.95,8845.19,97297.14,80756.62,4864.86,11675.66,16540.52
EMP0058,Ivy,42656.06,4265.61,46921.67,38944.99,2346.08,5630.6,7976.68
EMP0059,Henry,33698.27,3369.83,37068.1,30766.53,1853.4,4448.17,6301.57
EMP0060,David,98321.52,9832.15,108153.67,89767.55,5407.68,12978.44,18386.12
EMP0061,Frank,36285.49,3628.55,39914.04,33128.66,1995.7,4789.68,6785.38
EMP0062,Emily,90316.05,9031.61,99347.66,82458.56,4967.38,11921.72,16889.1
EMP0063,Jack,80074.58,8007.46,88082.04,73108.1,4404.1,10569.84,14973.94
EMP0064,Henry,83385.87,8338.59,91724.46,76131.3,4586.22,11006.94,15593.16
EMP0065,Jack,20811.2,2081.12,22892.32,19000.62,1144.62,2747.08,3891.7
EMP0066,Ivy,42633.79,4263.38,46897.17,38924.65,2344.86,5627.66,7972.52
EMP0067,Ivy,83184.84,8318.48,91503.32,75947.75,4575.17,10980.4,15555.57
EMP0068,David,84334.12,8433.41,92767.53,76997.05,4638.38,11132.1,15770.48
EMP0069,Grace,50632.67,5063.27,55695.94,46227.63,2784.8,6683.51,9468.31
EMP0070,Frank,44579.51,4457.95,49037.46,40701.09,2451.87,5884.5,8336.37
EMP0071,Bob,90225.84,9022.58,99248.42,82376.19,4962.42,11909.81,16872.23
EMP0072,Henry,51099.25,5109.93,56209.18,46653.62,2810.46,6745.1,9555.56
EMP0073,Charlie,81179.09,8117.91,89297.0,74116.51,4464.85,10715.64,15180.49
EMP0074,Alice,71003.57,7100.36,78103.93,64826.26,3905.2,9372.47,13277.67
EMP0075,Henry,62387.77,6238.78,68626.55,56960.03,3431.33,8235.19,11666.52
EMP0076,Frank,93922.55,9392.26,103314.81,85751.29,5165.74,12397.78,17563.52
EMP0077,Ivy,65771.64,6577.16,72348.8,60049.5,3617.44,8681.86,12299.3
EMP0078,Grace,33300.65,3330.07,36630.72,30403.49,1831.54,4395.69,6227.23
EMP0079,Charlie,37802.45,3780.24,41582.69,34513.64,2079.13,4989.92,7069.05
EMP0080,Henry,41018.47,4101.85,45120.32,37449.86,2256.02,5414.44,7670.46
EMP0081,Frank,71543.07,7154.31,78697.38,65318.82,3934.87,9443.69,13378.56
EMP0082,Alice,78400.75,7840.08,86240.83,71579.89,4312.04,10348.9,14660.94
EMP0083,Emily,75091.91,7509.19,82601.1,68558.91,4130.06,9912.13,14042.19
EMP0084,Grace,82655.84,8265.58,90921.42,75464.78,4546.07,10910.57,15456.64
EMP0085,David,95352.17,9535.22,104887.39,87056.53,5244.37,12586.49,17830.86
EMP0086,Charlie,77524.3,7752.43,85276.73,70779.68,4263.84,10233.21,14497.05
EMP0087,Frank,15424.56,1542.46,16967.02,14082.63,848.35,2036.04,2884.39
EMP0088,Ivy,63739.0,6373.9,70112.9,58193.71,3505.64,8413.55,11919.19
EMP0089,Ivy,76754.45,7675.44,84429.89,70076.81,4221.49,10131.59,14353.08
EMP0090,Henry,84063.16,8406.32,92469.48,76749.67,4623.47,11096.34,15719.81
EMP0091,Emily,82418.08,8241.81,90659.89,75247.71,4532.99,10879.19,15412.18
EMP0092,Jack,65438.67,6543.87,71982.54,59745.51,3599.13,8637.9,12237.03
EMP0093,Frank,23506.54,2350.65,25857.19,21461.47,1292.86,3102.86,4395.72
EMP0094,Charlie,69639.63,6963.96,76603.59,63580.98,3830.18,9192.43,13022.61
EMP0095,Bob,20143.92,2014.39,22158.31,18391.39,1107.92,2659.0,3766.92
EMP0096,Jack,45587.21,4558.72,50145.93,41621.12,2507.3,6017.51,8524.81
EMP0097,Ivy,61511.25,6151.12,67662.37,56159.77,3383.12,8119.48,11502.6
EMP0098,Jack,20015.27,2001.53,22016.8,18273.94,1100.84,2642.02,3742.86
EMP0099,Emily,30088.29,3008.83,33097.12,27470.61,1654.86,3971.65,5626.51
EMP0100,Jack,81629.25,8162.93,89792.18,74527.51,4489.61,10775.06,15264.67
EMP0101,Bob,84702.82,8470.28,93173.1,77333.67,4658.66,11180.77,15839.43
EMP0102,Grace,28222.14,2822.21,31044.35,25766.81,1552.22,3725.32,5277.54
EMP0103,Charlie,28687.38,2868.74,31556.12,26191.58,1577.81,3786.73,5364.54
EMP0104,Jack,29039.74,2903.97,31943.71,26513.27,1597.19,3833.25,5430.44
EMP0105,Emily,97135.77,9713.58,106849.35,88684.96,5342.47,12821.92,18164.39
EMP0106,Bob,23848.64,2384.86,26233.5,21773.8,1311.68,3148.02,4459.7
EMP0107,Frank,42195.7,4219.57,46415.27,38524.68,2320.76,5569.83,7890.59
EMP0108,Charlie,48794.09,4879.41,53673.5,44549.0,2683.68,6440.82,9124.5
EMP0109,Emily,68680.61,6868.06,75548.67,62705.4,3777.43,9065.84,12843.27
EMP0110,Ivy,32000.58,3200.06,35200.64,29216.53,1760.03,4224.08,5984.11
EMP0111,Charlie,35403.46,3540.35,38943.81,32323.36,1947.19,4673.26,6620.45
EMP0112,Jack,26553.19,2655.32,29208.51,24243.06,1460.43,3505.02,4965.45
EMP0113,Ivy,80516.82,8051.68,88568.5,73511.85,4428.43,10628.22,15056.65
EMP0114,Frank,93571.87,9357.19,102929.06,85431.12,5146.45,12351.49,17497.94
EMP0115,Grace,89549.51,8954.95,98504.46,81758.7,4925.22,11820.54,16745.76
EMP0116,Grace,26236.27,2623.63,28859.9,23953.71,1443.0,3463.19,4906.19
EMP0117,Alice,22858.3,2285.83,25144.13,20869.62,1257.21,3017.3,4274.51
EMP0118,Alice,27902.03,2790.2,30692.23,25474.55,1534.61,3683.07,5217.68
EMP0119,Henry,24825.34,2482.53,27307.87,22665.54,1365.39,3276.94,4642.33
EMP0120,Emily,38373.18,3837.32,42210.5,35034.71,2110.53,5065.26,7175.79
EMP0121,Ivy,42033.8,4203.38,46237.18,38376.86,2311.86,5548.46,7860.32
EMP0122,Emily,87893.41,8789.34,96682.75,80246.68,4834.14,11601.93,16436.07
EMP0123,Ivy,19793.38,1979.34,21772.72,18071.35,1088.64,2612.73,3701.37
EMP0124,Alice,78313.34,7831.33,86144.67,71500.08,4307.23,10337.36,14644.59
EMP0125,Ivy,95082.85,9508.29,104591.14,86810.64,5229.56,12550.94,17780.5
EMP0126,Jack,21017.57,2101.76,23119.33,19189.04,1155.97,2774.32,3930.29
EMP0127,Ivy,32749.17,3274.92,36024.09,29900.0,1801.2,4322.89,6124.09
EMP0128,Frank,55156.7,5515.67,60672.37,50358.07,3033.62,7280.68,10314.3
EMP0129,Emily,39807.61,3980.76,43788.37,36344.35,2189.42,5254.6,7444.02
EMP0130,Jack,63374.92,6337.49,69712.41,57861.3,3485.62,8365.49,11851.11
EMP0131,Henry,98598.32,9859.83,108458.15,90020.26,5422.91,13014.98,18437.89
EMP0132,Jack,44898.16,4489.82,49387.98,40992.02,2469.4,5926.56,8395.96
EMP0133,Grace,77106.15,7710.61,84816.76,70397.91,4240.84,10178.01,14418.85
EMP0134,Charlie,32766.99,3276.7,36043.69,29916.27,1802.18,4325.24,6127.42
EMP0135,Frank,34108.03,3410.8,37518.83,31140.63,1875.94,4502.26,6378.2
EMP0136,Grace,25163.19,2516.32,27679.51,22973.99,1383.98,3321.54,4705.52
EMP0137,Emily,37351.02,3735.1,41086.12,34101.48,2054.31,4930.33,6984.64
EMP0138,Grace,74144.92,7414.49,81559.41,67694.31,4077.97,9787.13,13865.1
EMP0139,Frank,28134.67,2813.47,30948.14,25686.95,1547.41,3713.78,5261.19
EMP0140,Frank,75960.06,7596.01,83556.07,69351.54,4177.8,10026.73,14204.53
EMP0141,Charlie,82550.0,8255.0,90805.0,75368.15,4540.25,10896.6,15436.85
EMP0142,David,44634.03,4463.4,49097.43,40750.87,2454.87,5891.69,8346.56
EMP0143,Ivy,26945.34,2694.53,29639.87,24601.1,1481.99,3556.78,5038.77
EMP0144,Jack,41328.34,4132.83,45461.17,37732.77,2273.06,5455.34,7728.4
EMP0145,Emily,16771.33,1677.13,18448.46,15312.22,922.42,2213.82,3136.24
EMP0146,Ivy,74091.63,7409.16,81500.79,67645.66,4075.04,9780.09,13855.13
EMP0147,Grace,20159.91,2015.99,22175.9,18405.99,1108.8,2661.11,3769.91
EMP0148,Henry,47122.74,4712.27,51835.01,43023.06,2591.75,6220.2,8811.95
EMP0149,Jack,16635.7,1663.57,18299.27,15188.4,914.96,2195.91,3110.87
EMP0150,Henry,47280.35,4728.03,52008.38,43166.95,2600.42,6241.01,8841.43
EMP0151,Bob,37749.56,3774.96,41524.52,34465.35,2076.23,4982.94,7059.17
EMP0152,Henry,99313.5,9931.35,109244.85,90673.23,5462.24,13109.38,18571.62
EMP0153,Frank,68053.62,6805.36,74858.98,62132.95,3742.95,8983.08,12726.03
EMP0154,Charlie,83395.92,8339.59,91735.51,76140.47,4586.78,11008.26,15595.04
EMP0155,David,60901.89,6090.19,66992.08,55603.43,3349.6,8039.05,11388.65
EMP0156,Ivy,86744.04,8674.4,95418.44,79197.31,4770.92,11450.21,16221.13
EMP0157,Frank,88781.97,8878.2,97660.17,81057.94,4883.01,11719.22,16602.23
EMP0158,Grace,37382.62,3738.26,41120.88,34130.33,2056.04,4934.51,6990.55
EMP0159,Emily,40419.35,4041.93,44461.28,36902.87,2223.06,5335.35,7558.41
EMP0160,Jack,78890.87,7889.09,86779.96,72027.36,4339.0,10413.6,14752.6
EMP0161,Emily,44061.99,4406.2,48468.19,40228.6,2423.41,5816.18,8239.59
EMP0162,Jack,15568.64,1556.86,17125.5,14214.16,856.28,2055.06,2911.34
EMP0163,Henry,42455.75,4245.57,46701.32,38762.09,2335.07,5604.16,7939.23
EMP0164,Ivy,68668.25,6866.83,75535.08,62694.12,3776.75,9064.21,12840.96
EMP0165,Alice,20956.66,2095.67,23052.33,19133.43,1152.62,2766.28,3918.9
EMP0166,Frank,20020.2,2002.02,22022.22,18278.44,1101.11,2642.67,3743.78
EMP0167,Ivy,30289.45,3028.95,33318.4,27654.27,1665.92,3998.21,5664.13
EMP0168,Henry,40539.14,4053.91,44593.05,37012.23,2229.65,5351.17,7580.82
EMP0169,Alice,29519.69,2951.97,32471.66,26951.48,1623.58,3896.6,5520.18
EMP0170,Bob,54908.31,5490.83,60399.14,50131.28,3019.96,7247.9,10267.86
EMP0171,Henry,80840.17,8084.02,88924.19,73807.08,4446.21,10670.9,15117.11
EMP0172,Henry,28670.83,2867.08,31537.91,26176.46,1576.9,3784.55,5361.45
EMP0173,Henry,61054.22,6105.42,67159.64,55742.5,3357.98,8059.16,11417.14
EMP0174,Grace,54015.12,5401.51,59416.63,49315.8,2970.83,7130.0,10100.83
EMP0175,Henry,28504.48,2850.45,31354.93,26024.59,1567.75,3762.59,5330.34
EMP0176,Bob,28986.36,2898.64,31885.0,26464.55,1594.25,3826.2,5420.45
EMP0177,Bob,80596.84,8059.68,88656.52,73584.91,4432.83,10638.78,15071.61
EMP0178,Jack,24721.19,2472.12,27193.31,22570.44,1359.67,3263.2,4622.87
EMP0179,Emily,75434.63,7543.46,82978.09,68871.82,4148.9,9957.37,14106.27
EMP0180,Henry,16527.59,1652.76,18180.35,15089.69,909.02,2181.64,3090.66
EMP0181,Charlie,59193.51,5919.35,65112.86,54043.68,3255.64,7813.54,11069.18
EMP0182,Jack,72621.17,7262.12,79883.29,66303.14,3994.16,9585.99,13580.15
EMP0183,Emily,15074.06,1507.41,16581.47,13762.62,829.07,1989.78,2818.85
EMP0184,David,98475.34,9847.53,108322.87,89907.99,5416.14,12998.74,18414.88
EMP0185,Frank,15768.77,1576.88,17345.65,14396.89,867.28,2081.48,2948.76
EMP0186,Charlie,93969.49,9396.95,103366.44,85794.15,5168.32,12403.97,17572.29
EMP0187,Ivy,78530.24,7853.02,86383.26,71698.11,4319.16,10365.99,14685.15
EMP0188,David,72166.55,7216.66,79383.21,65888.06,3969.16,9525.99,13495.15
EMP0189,Emily,27971.9,2797.19,30769.09,25538.35,1538.45,3692.29,5230.74
EMP0190,Ivy,58374.16,5837.42,64211.58,53295.61,3210.58,7705.39,10915.97
EMP0191,David,80120.87,8012.09,88132.96,73150.35,4406.65,10575.96,14982.61
EMP0192,Emily,25791.89,2579.19,28371.08,23548.0,1418.55,3404.53,4823.08
EMP0193,Frank,94652.11,9465.21,104117.32,86417.37,5205.87,12494.08,17699.95
EMP0194,David,32412.92,3241.29,35654.21,29592.99,1782.71,4278.51,6061.22
EMP0195,Grace,53744.81,5374.48,59119.29,49069.02,2955.96,7094.31,10050.27
EMP0196,Ivy,51063.74,5106.37,56170.11,46621.19,2808.51,6740.41,9548.92
EMP0197,Alice,75953.74,7595.37,83549.11,69345.76,4177.46,10025.89,14203.35
EMP0198,Bob,64657.14,6465.71,71122.85,59031.97,3556.14,8534.74,12090.88
EMP0199,Ivy,80486.43,8048.64,88535.07,73484.11,4426.75,10624.21,15050.96
EMP0200,Ivy,80592.47,8059.25,88651.72,73580.92,4432.59,10638.21,15070.8
EMP0201,Henry,80686.43,8068.64,88755.07,73666.71,4437.75,10650.61,15088.36
EMP0202,Jack,48583.48,4858.35,53441.83,44356.72,2672.09,6413.02,9085.11
EMP0203,Alice,33470.49,3347.05,36817.54,30558.56,1840.88,4418.1,6258.98
EMP0204,David,28894.39,2889.44,31783.83,26380.58,1589.19,3814.06,5403.25
EMP0205,Alice,97584.82,9758.48,107343.3,89094.93,5367.17,12881.2,18248.37
EMP0206,Emily,38601.01,3860.1,42461.11,35242.72,2123.06,5095.33,7218.39
EMP0207,Ivy,33584.91,3358.49,36943.4,30663.02,1847.17,4433.21,6280.38
EMP0208,Henry,56870.3,5687.03,62557.33,51922.58,3127.87,7506.88,10634.75
EMP0209,David,18671.88,1867.19,20539.07,17047.43,1026.95,2464.69,3491.64
EMP0210,Grace,42847.9,4284.79,47132.69,39120.14,2356.63,5655.92,8012.55
EMP0211,Henry,79626.61,7962.66,87589.27,72699.1,4379.46,10510.71,14890.17
EMP0212,Bob,89067.92,8906.79,97974.71,81319.0,4898.74,11756.97,16655.71
EMP0213,Emily,66915.61,6691.56,73607.17,61093.95,3680.36,8832.86,12513.22
EMP0214,Charlie,77494.32,7749.43,85243.75,70752.31,4262.19,10229.25,14491.44
EMP0215,Charlie,72202.78,7220.28,79423.06,65921.14,3971.15,9530.77,13501.92
EMP0216,Bob,20109.1,2010.91,22120.01,18359.61,1106.0,2654.4,3760.4
EMP0217,Frank,58183.14,5818.31,64001.45,53121.21,3200.07,7680.17,10880.24
EMP0218,Jack,83570.8,8357.08,91927.88,76300.14,4596.39,11031.35,15627.74
EMP0219,Henry,45802.95,4580.3,50383.25,41818.1,2519.16,6045.99,8565.15
EMP0220,Jack,75698.37,7569.84,83268.21,69112.61,4163.41,9992.19,14155.6
EMP0221,Henry,39311.2,3931.12,43242.32,35891.12,2162.12,5189.08,7351.2
EMP0222,Henry,83066.84,8306.68,91373.52,75840.02,4568.68,10964.82,15533.5
EMP0223,Charlie,33501.98,3350.2,36852.18,30587.31,1842.61,4422.26,6264.87
EMP0224,David,78488.85,7848.89,86337.74,71660.32,4316.89,10360.53,14677.42
EMP0225,Ivy,55910.33,5591.03,61501.36,51046.13,3075.07,7380.16,10455.23
EMP0226,Jack,41464.97,4146.5,45611.47,37857.52,2280.57,5473.38,7753.95
EMP0227,David,88002.47,8800.25,96802.72,80346.25,4840.14,11616.33,16456.47
EMP0228,Bob,90729.25,9072.93,99802.18,82835.81,4990.11,11976.26,16966.37
EMP0229,Alice,18409.17,1840.92,20250.09,16807.58,1012.5,2430.01,3442.51
EMP0230,Ivy,54977.44,5497.74,60475.18,50194.4,3023.76,7257.02,10280.78
EMP0231,Ivy,68827.82,6882.78,75710.6,62839.8,3785.53,9085.27,12870.8
EMP0232,Charlie,69521.03,6952.1,76473.13,63472.69,3823.66,9176.78,13000.44
EMP0233,Ivy,58268.16,5826.82,64094.98,53198.83,3204.75,7691.4,10896.15
EMP0234,Grace,37494.18,3749.42,41243.6,34232.19,2062.18,4949.23,7011.41
EMP0235,Alice,17098.46,1709.85,18808.31,15610.89,940.42,2257.0,3197.42
EMP0236,Jack,35324.96,3532.5,38857.46,32251.69,1942.87,4662.9,6605.77
EMP0237,Alice,55181.43,5518.14,60699.57,50380.64,3034.98,7283.95,10318.93
EMP0238,Jack,20989.14,2098.91,23088.05,19163.08,1154.4,2770.57,3924.97
EMP0239,David,92908.32,9290.83,102199.15,84825.29,5109.96,12263.9,17373.86
EMP0240,Ivy,24791.19,2479.12,27270.31,22634.35,1363.52,3272.44,4635.96
EMP0241,Frank,33128.0,3312.8,36440.8,30245.86,1822.04,4372.9,6194.94
EMP0242,Grace,74788.53,7478.85,82267.38,68281.92,4113.37,9872.09,13985.46
EMP0243,Bob,57935.31,5793.53,63728.84,52894.94,3186.44,7647.46,10833.9
EMP0244,Jack,72354.98,7235.5,79590.48,66060.1,3979.52,9550.86,13530.38
EMP0245,Jack,76917.11,7691.71,84608.82,70225.32,4230.44,10153.06,14383.5
EMP0246,Jack,16632.98,1663.3,18296.28,15185.92,914.81,2195.55,3110.36
EMP0247,David,86309.27,8630.93,94940.2,78800.37,4747.01,11392.82,16139.83
EMP0248,David,47551.02,4755.1,52306.12,43414.08,2615.31,6276.73,8892.04
EMP0249,Alice,77611.52,7761.15,85372.67,70859.32,4268.63,10244.72,14513.35
EMP0250,Emily,80690.69,8069.07,88759.76,73670.6,4437.99,10651.17,15089.16
EMP0251,Jack,75919.66,7591.97,83511.63,69314.65,4175.58,10021.4,14196.98
EMP0252,Jack,15681.59,1568.16,17249.75,14317.29,862.49,2069.97,2932.46
EMP0253,Jack,50193.09,5019.31,55212.4,45826.29,2760.62,6625.49,9386.11
EMP0254,Charlie,31845.92,3184.59,35030.51,29075.32,1751.53,4203.66,5955.19
EMP0255,Jack,62756.93,6275.69,69032.62,57297.08,3451.63,8283.91,11735.54
EMP0256,Emily,63149.98,6315.0,69464.98,57655.93,3473.25,8335.8,11809.05
EMP0257,Jack,61306.07,6130.61,67436.68,55972.45,3371.83,8092.4,11464.23
EMP0258,Alice,22858.94,2285.89,25144.83,20870.21,1257.24,3017.38,4274.62
EMP0259,Emily,32329.53,3232.95,35562.48,29516.86,1778.12,4267.5,6045.62
EMP0260,Alice,47845.37,4784.54,52629.91,43682.82,2631.5,6315.59,8947.09
EMP0261,Ivy,23076.25,2307.62,25383.87,21068.62,1269.19,3046.06,4315.25
EMP0262,Frank,76948.69,7694.87,84643.56,70254.15,4232.18,10157.23,14389.41
EMP0263,Charlie,79436.6,7943.66,87380.26,72525.62,4369.01,10485.63,14854.64
EMP0264,Emily,23642.32,2364.23,26006.55,21585.43,1300.33,3120.79,4421.12
EMP0265,Alice,59752.66,5975.27,65727.93,54554.18,3286.4,7887.35,11173.75
EMP0266,Jack,43970.35,4397.03,48367.38,40144.92,2418.37,5804.09,8222.46
EMP0267,Ivy,25365.0,2536.5,27901.5,23158.24,1395.08,3348.18,4743.26
EMP0268,Ivy,71315.1,7131.51,78446.61,65110.69,3922.33,9413.59,13335.92
EMP0269,Bob,79534.77,7953.48,87488.25,72615.25,4374.41,10498.59,14873.0
EMP0270,Bob,84134.05,8413.41,92547.46,76814.39,4627.37,11105.7,15733.07
EMP0271,David,22455.48,2245.55,24701.03,20501.86,1235.05,2964.12,4199.17
EMP0272,Charlie,98373.58,9837.36,108210.94,89815.08,5410.55,12985.31,18395.86
EMP0273,Emily,18829.93,1882.99,20712.92,17191.72,1035.65,2485.55,3521.2
EMP0274,Frank,39629.35,3962.93,43592.28,36181.6,2179.61,5231.07,7410.68
EMP0275,Ivy,18699.8,1869.98,20569.78,17072.92,1028.49,2468.37,3496.86
EMP0276,Grace,76853.81,7685.38,84539.19,70167.53,4226.96,10144.7,14371.66
EMP0277,Alice,88907.97,8890.8,97798.77,81172.98,4889.94,11735.85,16625.79
EMP0278,Grace,41235.11,4123.51,45358.62,37647.66,2267.93,5443.03,7710.96
EMP0279,Frank,50352.6,5035.26,55387.86,45971.93,2769.39,6646.54,9415.93
EMP0280,Grace,54371.38,5437.14,59808.52,49641.07,2990.43,7177.02,10167.45
EMP0281,Charlie,55618.66,5561.87,61180.53,50779.84,3059.03,7341.66,10400.69
EMP0282,Henry,62831.78,6283.18,69114.96,57365.41,3455.75,8293.8,11749.55
EMP0283,David,96303.0,9630.3,105933.3,87924.63,5296.67,12712.0,18008.67
EMP0284,Henry,98083.64,9808.36,107892.0,89550.36,5394.6,12947.04,18341.64
EMP0285,Ivy,80905.14,8090.51,88995.65,73866.39,4449.78,10679.48,15129.26
EMP0286,David,17038.28,1703.83,18742.11,15555.95,937.11,2249.05,3186.16
EMP0287,Grace,94578.71,9457.87,104036.58,86350.36,5201.83,12484.39,17686.22
EMP0288,Bob,26702.73,2670.27,29373.0,24379.59,1468.65,3524.76,4993.41
EMP0289,David,38146.94,3814.69,41961.63,34828.15,2098.08,5035.4,7133.48
EMP0290,Emily,86150.73,8615.07,94765.8,78655.61,4738.29,11371.9,16110.19
EMP0291,Bob,22644.28,2264.43,24908.71,20674.22,1245.44,2989.05,4234.49
EMP0292,Emily,19485.14,1948.51,21433.65,17789.93,1071.68,2572.04,3643.72
EMP0293,Ivy,65445.13,6544.51,71989.64,59751.4,3599.48,8638.76,12238.24
EMP0294,Charlie,31839.24,3183.92,35023.16,29069.22,1751.16,4202.78,5953.94
EMP0295,Charlie,89990.32,8999.03,98989.35,82161.16,4949.47,11878.72,16828.19
EMP0296,Frank,39199.21,3919.92,43119.13,35788.87,2155.96,5174.3,7330.26
EMP0297,Henry,46302.88,4630.29,50933.17,42274.53,2546.66,6111.98,8658.64
EMP0298,Alice,53352.35,5335.24,58687.59,48710.7,2934.38,7042.51,9976.89
EMP0299,Emily,56184.24,5618.42,61802.66,51296.21,3090.13,7416.32,10506.45
EMP0300,Jack,29107.55,2910.76,32018.31,26575.19,1600.92,3842.2,5443.12
EMP0301,Bob,17545.14,1754.51,19299.65,16018.71,964.98,2315.96,3280.94
EMP0302,Alice,27553.48,2755.35,30308.83,25156.33,1515.44,3637.06,5152.5
EMP0303,Grace,28019.13,2801.91,30821.04,25581.47,1541.05,3698.52,5239.57
EMP0304,Grace,86630.6,8663.06,95293.66,79093.74,4764.68,11435.24,16199.92
EMP0305,David,62055.67,6205.57,68261.24,56656.83,3413.06,8191.35,11604.41
EMP0306,Alice,60359.17,6035.92,66395.09,55107.93,3319.75,7967.41,11287.16
EMP0307,Frank,49657.9,4965.79,54623.69,45337.67,2731.18,6554.84,9286.02
EMP0308,Emily,70628.21,7062.82,77691.03,64483.56,3884.55,9322.92,13207.47
EMP0309,Grace,66639.56,6663.96,73303.52,60841.92,3665.18,8796.42,12461.6
EMP0310,Alice,85282.27,8528.23,93810.5,77862.71,4690.53,11257.26,15947.79
EMP0311,Emily,86540.05,8654.01,95194.06,79011.07,4759.7,11423.29,16182.99
EMP0312,Alice,36581.56,3658.16,40239.72,33398.96,2011.99,4828.77,6840.76
EMP0313,Ivy,22896.41,2289.64,25186.05,20904.42,1259.3,3022.33,4281.63
EMP0314,Charlie,94809.02,9480.9,104289.92,86560.63,5214.5,12514.79,17729.29
EMP0315,Alice,79672.99,7967.3,87640.29,72741.45,4382.01,10516.83,14898.84
EMP0316,Jack,90155.56,9015.56,99171.12,82312.03,4958.56,11900.53,16859.09
EMP0317,Henry,86477.91,8647.79,95125.7,78954.34,4756.28,11415.08,16171.36
EMP0318,Henry,89703.74,8970.37,98674.11,81899.51,4933.71,11840.89,16774.6
EMP0319,Charlie,37531.76,3753.18,41284.94,34266.5,2064.25,4954.19,7018.44
EMP0320,David,19844.62,1984.46,21829.08,18118.14,1091.45,2619.49,3710.94
EMP0321,Charlie,36039.41,3603.94,39643.35,32903.98,1982.17,4757.2,6739.37
EMP0322,Frank,48513.29,4851.33,53364.62,44292.64,2668.23,6403.75,9071.98
EMP0323,Charlie,25828.37,2582.84,28411.21,23581.3,1420.56,3409.35,4829.91
EMP0324,Grace,59015.88,5901.59,64917.47,53881.5,3245.87,7790.1,11035.97
EMP0325,Grace,50890.44,5089.04,55979.48,46462.97,2798.97,6717.54,9516.51
EMP0326,Ivy,86871.23,8687.12,95558.35,79313.43,4777.92,11467.0,16244.92
EMP0327,Emily,61453.99,6145.4,67599.39,56107.49,3379.97,8111.93,11491.9
EMP0328,Charlie,51723.88,5172.39,56896.27,47223.91,2844.81,6827.55,9672.36
EMP0329,Jack,43560.19,4356.02,47916.21,39770.45,2395.81,5749.95,8145.76
EMP0330,Emily,80387.45,8038.74,88426.19,73393.74,4421.31,10611.14,15032.45
EMP0331,Charlie,62046.88,6204.69,68251.57,56648.8,3412.58,8190.19,11602.77
EMP0332,Grace,37239.77,3723.98,40963.75,33999.91,2048.19,4915.65,6963.84
EMP0333,Emily,32396.26,3239.63,35635.89,29577.79,1781.79,4276.31,6058.1
EMP0334,David,58244.38,5824.44,64068.82,53177.12,3203.44,7688.26,10891.7
EMP0335,Frank,56095.09,5609.51,61704.6,51214.82,3085.23,7404.55,10489.78
EMP0336,Jack,31079.98,3108.0,34187.98,28376.02,1709.4,4102.56,5811.96
EMP0337,Frank,72397.56,7239.76,79637.32,66098.97,3981.87,9556.48,13538.35
EMP0338,Alice,53741.17,5374.12,59115.29,49065.7,2955.76,7093.83,10049.59
EMP0339,Alice,36937.57,3693.76,40631.33,33724.0,2031.57,4875.76,6907.33
EMP0340,Ivy,47688.65,4768.87,52457.52,43539.74,2622.88,6294.9,8917.78
EMP0341,Emily,52676.67,5267.67,57944.34,48093.8,2897.22,6953.32,9850.54
EMP0342,Frank,23852.76,2385.28,26238.04,21777.58,1311.9,3148.56,4460.46
EMP0343,David,44492.03,4449.2,48941.23,40621.22,2447.06,5872.95,8320.01
EMP0344,Frank,27054.7,2705.47,29760.17,24700.94,1488.01,3571.22,5059.23
EMP0345,Ivy,96513.11,9651.31,106164.42,88116.47,5308.22,12739.73,18047.95
EMP0346,Ivy,36935.06,3693.51,40628.57,33721.71,2031.43,4875.43,6906.86
EMP0347,Ivy,83354.2,8335.42,91689.62,76102.39,4584.48,11002.75,15587.23
EMP0348,Bob,59353.27,5935.33,65288.6,54189.54,3264.43,7834.63,11099.06
EMP0349,Jack,83116.62,8311.66,91428.28,75885.48,4571.41,10971.39,15542.8
EMP0350,Emily,47540.2,4754.02,52294.22,43404.2,2614.71,6275.31,8890.02
EMP0351,Ivy,64674.83,6467.48,71142.31,59048.11,3557.12,8537.08,12094.2
EMP0352,Henry,22873.47,2287.35,25160.82,20883.48,1258.04,3019.3,4277.34
EMP0353,Ivy,95580.9,9558.09,105138.99,87265.36,5256.95,12616.68,17873.63
EMP0354,Henry,36669.24,3666.92,40336.16,33479.01,2016.81,4840.34,6857.15
EMP0355,Emily,39635.28,3963.53,43598.81,36187.01,2179.94,5231.86,7411.8
EMP0356,Grace,40781.47,4078.15,44859.62,37233.49,2242.98,5383.15,7626.13
EMP0357,Jack,90037.15,9003.72,99040.87,82203.93,4952.04,11884.9,16836.94
EMP0358,Henry,94499.09,9449.91,103949.0,86277.67,5197.45,12473.88,17671.33
EMP0359,Grace,84136.52,8413.65,92550.17,76816.64,4627.51,11106.02,15733.53
EMP0360,Bob,68142.35,6814.24,74956.59,62213.97,3747.83,8994.79,12742.62
EMP0361,Alice,66927.24,6692.72,73619.96,61104.56,3681.0,8834.4,12515.4
EMP0362,Alice,96467.03,9646.7,106113.73,88074.39,5305.69,12733.65,18039.34
EMP0363,Charlie,52543.05,5254.31,57797.36,47971.81,2889.87,6935.68,9825.55
EMP0364,Frank,61319.3,6131.93,67451.23,55984.52,3372.56,8094.15,11466.71
EMP0365,Emily,84395.28,8439.53,92834.81,77052.89,4641.74,11140.18,15781.92
EMP0366,Grace,91811.5,9181.15,100992.65,83823.9,5049.63,12119.12,17168.75
EMP0367,Emily,83531.96,8353.2,91885.16,76264.68,4594.26,11026.22,15620.48
EMP0368,Grace,30437.8,3043.78,33481.58,27789.71,1674.08,4017.79,5691.87
EMP0369,Emily,59426.13,5942.61,65368.74,54256.05,3268.44,7844.25,11112.69
EMP0370,Bob,66699.76,6669.98,73369.74,60896.88,3668.49,8804.37,12472.86
EMP0371,Grace,55465.14,5546.51,61011.65,50639.67,3050.58,7321.4,10371.98
EMP0372,David,32510.72,3251.07,35761.79,29682.29,1788.09,4291.41,6079.5
EMP0373,Emily,47707.99,4770.8,52478.79,43557.4,2623.94,6297.45,8921.39
EMP0374,Emily,55929.14,5592.91,61522.05,51063.3,3076.1,7382.65,10458.75
EMP0375,Frank,35897.07,3589.71,39486.78,32774.03,1974.34,4738.41,6712.75
EMP0376,Alice,71817.15,7181.72,78998.87,65569.07,3949.94,9479.86,13429.8
EMP0377,Henry,19133.17,1913.32,21046.49,17468.59,1052.32,2525.58,3577.9
EMP0378,Henry,41665.58,4166.56,45832.14,38040.67,2291.61,5499.86,7791.47
EMP0379,Emily,78177.04,7817.7,85994.74,71375.63,4299.74,10319.37,14619.11
EMP0380,Bob,86473.34,8647.33,95120.67,78950.16,4756.03,11414.48,16170.51
EMP0381,Emily,54793.19,5479.32,60272.51,50026.18,3013.63,7232.7,10246.33
EMP0382,Bob,60370.58,6037.06,66407.64,55118.34,3320.38,7968.92,11289.3
EMP0383,Grace,73017.28,7301.73,80319.01,66664.78,4015.95,9638.28,13654.23
EMP0384,Frank,96198.33,9619.83,105818.16,87829.07,5290.91,12698.18,17989.09
EMP0385,Emily,81355.59,8135.56,89491.15,74277.65,4474.56,10738.94,15213.5
EMP0386,Henry,36485.1,3648.51,40133.61,33310.9,2006.68,4816.03,6822.71
EMP0387,Alice,24118.8,2411.88,26530.68,22020.47,1326.53,3183.68,4510.21
EMP0388,Henry,88199.9,8819.99,97019.89,80526.51,4850.99,11642.39,16493.38
EMP0389,Emily,55912.61,5591.26,61503.87,51048.22,3075.19,7380.46,10455.65
EMP0390,Ivy,62157.8,6215.78,68373.58,56750.07,3418.68,8204.83,11623.51
EMP0391,Bob,77117.79,7711.78,84829.57,70408.54,4241.48,10179.55,14421.03
EMP0392,Charlie,98841.75,9884.18,108725.93,90242.52,5436.3,13047.11,18483.41
EMP0393,Ivy,54444.36,5444.44,59888.8,49707.7,2994.44,7186.66,10181.1
EMP0394,Emily,54413.34,5441.33,59854.67,49679.38,2992.73,7182.56,10175.29
EMP0395,Emily,18774.54,1877.45,20651.99,17141.15,1032.6,2478.24,3510.84
EMP0396,Ivy,33726.14,3372.61,37098.75,30791.96,1854.94,4451.85,6306.79
EMP0397,Alice,91414.85,9141.49,100556.34,83461.76,5027.82,12066.76,17094.58
EMP0398,Bob,63798.89,6379.89,70178.78,58248.39,3508.94,8421.45,11930.39
EMP0399,Alice,48997.88,4899.79,53897.67,44735.07,2694.88,6467.72,9162.6
EMP0400,Grace,67859.13,6785.91,74645.04,61955.39,3732.25,8957.4,12689.65
EMP0401,Jack,66518.97,6651.9,73170.87,60731.83,3658.54,8780.5,12439.04
EMP0402,Charlie,18453.03,1845.3,20298.33,16847.61,1014.92,2435.8,3450.72
EMP0403,David,26249.88,2624.99,28874.87,23966.15,1443.74,3464.98,4908.72
EMP0404,David,58696.68,5869.67,64566.35,53590.07,3228.32,7747.96,10976.28
EMP0405,Emily,68922.01,6892.2,75814.21,62925.79,3790.71,9097.71,12888.42
EMP0406,Grace,43380.67,4338.07,47718.74,39606.55,2385.94,5726.25,8112.19
EMP0407,Alice,77774.78,7777.48,85552.26,71008.38,4277.61,10266.27,14543.88
EMP0408,Emily,41644.27,4164.43,45808.7,38021.23,2290.43,5497.04,7787.47
EMP0409,Alice,41995.89,4199.59,46195.48,38342.25,2309.77,5543.46,7853.23
EMP0410,Jack,84129.13,8412.91,92542.04,76809.9,4627.1,11105.04,15732.14
EMP0411,Grace,25476.75,2547.68,28024.43,23260.28,1401.22,3362.93,4764.15
EMP0412,Frank,17236.89,1723.69,18960.58,15737.28,948.03,2275.27,3223.3
EMP0413,Ivy,51700.41,5170.04,56870.45,47202.48,2843.52,6824.45,9667.97
EMP0414,Frank,60186.34,6018.63,66204.97,54950.12,3310.25,7944.6,11254.85
EMP0415,Henry,59011.89,5901.19,64913.08,53877.86,3245.65,7789.57,11035.22
EMP0416,Alice,54369.51,5436.95,59806.46,49639.36,2990.32,7176.78,10167.1
EMP0417,Frank,19838.86,1983.89,21822.75,18112.88,1091.14,2618.73,3709.87
EMP0418,Charlie,90813.68,9081.37,99895.05,82912.89,4994.75,11987.41,16982.16
EMP0419,Frank,88011.76,8801.18,96812.94,80354.74,4840.65,11617.55,16458.2
EMP0420,Frank,74690.98,7469.1,82160.08,68192.87,4108.0,9859.21,13967.21
EMP0421,Alice,48932.07,4893.21,53825.28,44674.99,2691.26,6459.03,9150.29
EMP0422,Ivy,55080.43,5508.04,60588.47,50288.43,3029.42,7270.62,10300.04
EMP0423,Henry,50592.63,5059.26,55651.89,46191.07,2782.59,6678.23,9460.82
EMP0424,Frank,89880.0,8988.0,98868.0,82060.44,4943.4,11864.16,16807.56
EMP0425,Grace,58155.25,5815.53,63970.78,53095.75,3198.54,7676.49,10875.03
EMP0426,Alice,77766.84,7776.68,85543.52,71001.12,4277.18,10265.22,14542.4
EMP0427,Henry,22933.89,2293.39,25227.28,20938.65,1261.36,3027.27,4288.63
EMP0428,Jack,41074.38,4107.44,45181.82,37500.91,2259.09,5421.82,7680.91
EMP0429,Jack,93910.11,9391.01,103301.12,85739.93,5165.06,12396.13,17561.19
EMP0430,Henry,15154.13,1515.41,16669.54,13835.72,833.48,2000.34,2833.82
EMP0431,Frank,53489.45,5348.94,58838.39,48835.86,2941.92,7060.61,10002.53
EMP0432,Jack,37447.61,3744.76,41192.37,34189.67,2059.62,4943.08,7002.7
EMP0433,Henry,56105.53,5610.55,61716.08,51224.35,3085.8,7405.93,10491.73
EMP0434,Bob,36345.1,3634.51,39979.61,33183.08,1998.98,4797.55,6796.53
EMP0435,Jack,90164.35,9016.44,99180.79,82320.06,4959.04,11901.69,16860.73
EMP0436,Jack,42026.17,4202.62,46228.79,38369.9,2311.44,5547.45,7858.89
EMP0437,Bob,31399.55,3139.95,34539.5,28667.78,1726.98,4144.74,5871.72
EMP0438,Henry,55382.42,5538.24,60920.66,50564.15,3046.03,7310.48,10356.51
EMP0439,Ivy,51505.15,5150.52,56655.67,47024.21,2832.78,6798.68,9631.46
EMP0440,Henry,27124.52,2712.45,29836.97,24764.68,1491.85,3580.44,5072.29
EMP0441,David,20405.24,2040.52,22445.76,18629.98,1122.29,2693.49,3815.78
EMP0442,Grace,38301.41,3830.14,42131.55,34969.18,2106.58,5055.79,7162.37
EMP0443,Emily,65969.26,6596.93,72566.19,60229.94,3628.31,8707.94,12336.25
EMP0444,Charlie,24229.24,2422.92,26652.16,22121.29,1332.61,3198.26,4530.87
EMP0445,Ivy,74185.0,7418.5,81603.5,67730.9,4080.18,9792.42,13872.6
EMP0446,Henry,46922.94,4692.29,51615.23,42840.64,2580.76,6193.83,8774.59
EMP0447,Grace,95612.79,9561.28,105174.07,87294.48,5258.7,12620.89,17879.59
EMP0448,Emily,21590.84,2159.08,23749.92,19712.43,1187.5,2849.99,4037.49
EMP0449,Charlie,68124.03,6812.4,74936.43,62197.24,3746.82,8992.37,12739.19
EMP0450,Jack,88451.11,8845.11,97296.22,80755.86,4864.81,11675.55,16540.36
EMP0451,David,28495.93,2849.59,31345.52,26016.78,1567.28,3761.46,5328.74
EMP0452,Charlie,83662.86,8366.29,92029.15,76384.19,4601.46,11043.5,15644.96
EMP0453,Henry,75159.86,7515.99,82675.85,68620.96,4133.79,9921.1,14054.89
EMP0454,Jack,46904.08,4690.41,51594.49,42823.43,2579.72,6191.34,8771.06
EMP0455,Bob,51265.68,5126.57,56392.25,46805.57,2819.61,6767.07,9586.68
EMP0456,Frank,64020.51,6402.05,70422.56,58450.72,3521.13,8450.71,11971.84
EMP0457,Jack,88209.31,8820.93,97030.24,80535.1,4851.51,11643.63,16495.14
EMP0458,Emily,69000.04,6900.0,75900.04,62997.04,3795.0,9108.0,12903.0
EMP0459,Henry,81601.09,8160.11,89761.2,74501.8,4488.06,10771.34,15259.4
EMP0460,Ivy,28750.85,2875.09,31625.94,26249.53,1581.3,3795.11,5376.41
EMP0461,Jack,26495.51,2649.55,29145.06,24190.4,1457.25,3497.41,4954.66
EMP0462,Emily,73875.48,7387.55,81263.03,67448.32,4063.15,9751.56,13814.71
EMP0463,Ivy,47585.44,4758.54,52343.98,43445.5,2617.2,6281.28,8898.48
EMP0464,Ivy,27733.89,2773.39,30507.28,25321.05,1525.36,3660.87,5186.23
EMP0465,Henry,58080.73,5808.07,63888.8,53027.7,3194.44,7666.66,10861.1
EMP0466,Jack,53155.34,5315.53,58470.87,48530.83,2923.54,7016.5,9940.04
EMP0467,Emily,64598.69,6459.87,71058.56,58978.6,3552.93,8527.03,12079.96
EMP0468,Emily,60783.35,6078.34,66861.69,55495.21,3343.08,8023.4,11366.48
EMP0469,Henry,50117.2,5011.72,55128.92,45757.0,2756.45,6615.47,9371.92
EMP0470,Frank,40182.55,4018.26,44200.81,36686.67,2210.04,5304.1,7514.14
EMP0471,Grace,91198.31,9119.83,100318.14,83264.05,5015.91,12038.18,17054.09
EMP0472,Jack,65338.52,6533.85,71872.37,59654.07,3593.62,8624.68,12218.3
EMP0473,Grace,28393.87,2839.39,31233.26,25923.61,1561.66,3747.99,5309.65
EMP0474,Frank,61362.06,6136.21,67498.27,56023.57,3374.91,8099.79,11474.7
EMP0475,Emily,28586.45,2858.65,31445.1,26099.43,1572.26,3773.41,5345.67
EMP0476,Charlie,76475.83,7647.58,84123.41,69822.43,4206.17,10094.81,14300.98
EMP0477,Jack,20167.44,2016.74,22184.18,18412.87,1109.21,2662.1,3771.31
EMP0478,David,27855.71,2785.57,30641.28,25432.27,1532.06,3676.95,5209.01
EMP0479,Grace,85180.16,8518.02,93698.18,77769.49,4684.91,11243.78,15928.69
EMP0480,Jack,41806.27,4180.63,45986.9,38169.12,2299.35,5518.43,7817.78
EMP0481,Alice,64617.58,6461.76,71079.34,58995.85,3553.97,8529.52,12083.49
EMP0482,Ivy,43500.77,4350.08,47850.85,39716.21,2392.54,5742.1,8134.64
EMP0483,David,98084.69,9808.47,107893.16,89551.32,5394.66,12947.18,18341.84
EMP0484,Henry,35210.31,3521.03,38731.34,32147.01,1936.57,4647.76,6584.33
EMP0485,Frank,88236.2,8823.62,97059.82,80559.65,4852.99,11647.18,16500.17
EMP0486,Alice,20092.79,2009.28,22102.07,18344.72,1105.1,2652.25,3757.35
EMP0487,Ivy,35636.88,3563.69,39200.57,32536.47,1960.03,4704.07,6664.1
EMP0488,Bob,69619.4,6961.94,76581.34,63562.51,3829.07,9189.76,13018.83
EMP0489,Jack,91345.27,9134.53,100479.8,83398.23,5023.99,12057.58,17081.57
EMP0490,Bob,91006.59,9100.66,100107.25,83089.02,5005.36,12012.87,17018.23
EMP0491,Ivy,78471.8,7847.18,86318.98,71644.75,4315.95,10358.28,14674.23
EMP0492,Grace,50787.2,5078.72,55865.92,46368.71,2793.3,6703.91,9497.21
EMP0493,Jack,30137.94,3013.79,33151.73,27515.93,1657.59,3978.21,5635.8
EMP0494,Grace,20014.63,2001.46,22016.09,18273.36,1100.8,2641.93,3742.73
EMP0495,Alice,28026.81,2802.68,30829.49,25588.48,1541.47,3699.54,5241.01
EMP0496,Frank,28973.89,2897.39,31871.28,26453.17,1593.56,3824.55,5418.11
EMP0497,Jack,49612.69,4961.27,54573.96,45296.38,2728.7,6548.88,9277.58
EMP0498,Henry,32877.26,3287.73,36164.99,30016.94,1808.25,4339.8,6148.05
EMP0499,Alice,46160.12,4616.01,50776.13,42144.18,2538.81,6093.14,8631.95
EMP0500,Ivy,74725.88,7472.59,82198.47,68224.73,4109.92,9863.82,13973.74
EMP0501,Grace,34040.09,3404.01,37444.1,31078.61,1872.2,4493.29,6365.49
EMP0502,Henry,35528.69,3552.87,39081.56,32437.69,1954.08,4689.79,6643.87
EMP0503,Ivy,37617.97,3761.8,41379.77,34345.21,2068.99,4965.57,7034.56
EMP0504,Charlie,97936.24,9793.62,107729.86,89415.79,5386.49,12927.58,18314.07
EMP0505,Henry,83236.42,8323.64,91560.06,75994.85,4578.0,10987.21,15565.21
EMP0506,Ivy,35941.71,3594.17,39535.88,32814.78,1976.79,4744.31,6721.1
EMP0507,Jack,81469.64,8146.96,89616.6,74381.78,4480.83,10753.99,15234.82
EMP0508,Ivy,79946.28,7994.63,87940.91,72990.95,4397.05,10552.91,14949.96
EMP0509,Charlie,78930.14,7893.01,86823.15,72063.21,4341.16,10418.78,14759.94
EMP0510,Ivy,45989.8,4598.98,50588.78,41988.69,2529.44,6070.65,8600.09
EMP0511,Bob,47860.89,4786.09,52646.98,43696.99,2632.35,6317.64,8949.99
EMP0512,Henry,78053.57,7805.36,85858.93,71262.91,4292.95,10303.07,14596.02
EMP0513,Jack,81262.94,8126.29,89389.23,74193.06,4469.46,10726.71,15196.17
EMP0514,Jack,97660.52,9766.05,107426.57,89164.05,5371.33,12891.19,18262.52
EMP0515,Bob,87572.69,8757.27,96329.96,79953.86,4816.5,11559.6,16376.1
EMP0516,Alice,68517.84,6851.78,75369.62,62556.79,3768.48,9044.35,12812.83
EMP0517,Ivy,67747.96,6774.8,74522.76,61853.89,3726.14,8942.73,12668.87
EMP0518,Grace,25694.92,2569.49,28264.41,23459.46,1413.22,3391.73,4804.95
EMP0519,Ivy,30362.54,3036.25,33398.79,27721.0,1669.94,4007.85,5677.79
EMP0520,Jack,53331.17,5333.12,58664.29,48691.37,2933.21,7039.71,9972.92
EMP0521,Grace,41908.53,4190.85,46099.38,38262.48,2304.97,5531.93,7836.9
EMP0522,Charlie,60757.48,6075.75,66833.23,55471.58,3341.66,8019.99,11361.65
EMP0523,Grace,31433.38,3143.34,34576.72,28698.67,1728.84,4149.21,5878.05
EMP0524,Alice,42431.68,4243.17,46674.85,38740.13,2333.74,5600.98,7934.72
EMP0525,Ivy,74346.72,7434.67,81781.39,67878.55,4089.07,9813.77,13902.84
EMP0526,Jack,52060.04,5206.0,57266.04,47530.82,2863.3,6871.92,9735.22
EMP0527,David,47950.52,4795.05,52745.57,43778.82,2637.28,6329.47,8966.75
EMP0528,David,70376.33,7037.63,77413.96,64253.58,3870.7,9289.68,13160.38
EMP0529,Ivy,18696.73,1869.67,20566.4,17070.11,1028.32,2467.97,3496.29
EMP0530,Grace,94793.67,9479.37,104273.04,86546.63,5213.65,12512.76,17726.41
EMP0531,Charlie,93947.41,9394.74,103342.15,85773.98,5167.11,12401.06,17568.17
EMP0532,David,32085.58,3208.56,35294.14,29294.13,1764.71,4235.3,6000.01
EMP0533,Bob,43458.5,4345.85,47804.35,39677.61,2390.22,5736.52,8126.74
EMP0534,Bob,39150.29,3915.03,43065.32,35744.21,2153.27,5167.84,7321.11
EMP0535,Bob,20774.95,2077.5,22852.45,18967.54,1142.62,2742.29,3884.91
EMP0536,Grace,96424.5,9642.45,106066.95,88035.57,5303.35,12728.03,18031.38
EMP0537,Grace,73877.62,7387.76,81265.38,67450.26,4063.27,9751.85,13815.12
EMP0538,Charlie,52346.7,5234.67,57581.37,47792.54,2879.07,6909.76,9788.83
EMP0539,Alice,45219.84,4521.98,49741.82,41285.71,2487.09,5969.02,8456.11
EMP0540,Frank,42829.11,4282.91,47112.02,39102.98,2355.6,5653.44,8009.04
EMP0541,Ivy,28295.35,2829.53,31124.88,25833.65,1556.24,3734.99,5291.23
EMP0542,Grace,21983.11,2198.31,24181.42,20070.58,1209.07,2901.77,4110.84
EMP0543,David,97778.68,9777.87,107556.55,89271.93,5377.83,12906.79,18284.62
EMP0544,Charlie,35490.87,3549.09,39039.96,32403.16,1952.0,4684.8,6636.8
EMP0545,Bob,90834.78,9083.48,99918.26,82932.16,4995.91,11990.19,16986.1
EMP0546,Henry,34388.54,3438.85,37827.39,31396.73,1891.37,4539.29,6430.66
EMP0547,Charlie,55938.66,5593.87,61532.53,51072.0,3076.63,7383.9,10460.53
EMP0548,Alice,45716.07,4571.61,50287.68,41738.78,2514.38,6034.52,8548.9
EMP0549,Frank,53646.92,5364.69,59011.61,48979.64,2950.58,7081.39,10031.97
EMP0550,Frank,76530.03,7653.0,84183.03,69871.92,4209.15,10101.96,14311.11
EMP0551,Grace,82897.58,8289.76,91187.34,75685.49,4559.37,10942.48,15501.85
EMP0552,Grace,67443.8,6744.38,74188.18,61576.19,3709.41,8902.58,12611.99
EMP0553,Emily,87744.63,8774.46,96519.09,80110.85,4825.95,11582.29,16408.24
EMP0554,Emily,29906.09,2990.61,32896.7,27304.26,1644.84,3947.6,5592.44
EMP0555,Ivy,60476.26,6047.63,66523.89,55214.83,3326.19,7982.87,11309.06
EMP0556,David,77707.12,7770.71,85477.83,70946.6,4273.89,10257.34,14531.23
EMP0557,Charlie,89122.1,8912.21,98034.31,81368.47,4901.72,11764.12,16665.84
EMP0558,Alice,65135.08,6513.51,71648.59,59468.33,3582.43,8597.83,12180.26
EMP0559,Bob,21754.24,2175.42,23929.66,19861.62,1196.48,2871.56,4068.04
EMP0560,Henry,80753.88,8075.39,88829.27,73728.3,4441.46,10659.51,15100.97
EMP0561,Charlie,32268.71,3226.87,35495.58,29461.33,1774.78,4259.47,6034.25
EMP0562,David,84081.09,8408.11,92489.2,76766.04,4624.46,11098.7,15723.16
EMP0563,Grace,90213.44,9021.34,99234.78,82364.87,4961.74,11908.17,16869.91
EMP0564,Bob,18658.03,1865.8,20523.83,17034.78,1026.19,2462.86,3489.05
EMP0565,Ivy,41334.76,4133.48,45468.24,37738.64,2273.41,5456.19,7729.6
EMP0566,Grace,22546.0,2254.6,24800.6,20584.5,1240.03,2976.07,4216.1
EMP0567,Emily,53540.06,5354.01,58894.07,48882.08,2944.7,7067.29,10011.99
EMP0568,Emily,55799.16,5579.92,61379.08,50944.64,3068.95,7365.49,10434.44
EMP0569,Charlie,60738.22,6073.82,66812.04,55454.0,3340.6,8017.44,11358.04
EMP0570,Frank,99465.35,9946.54,109411.89,90811.87,5470.59,13129.43,18600.02
EMP0571,Alice,61588.45,6158.85,67747.3,56230.25,3387.37,8129.68,11517.05
EMP0572,Jack,85169.22,8516.92,93686.14,77759.49,4684.31,11242.34,15926.65
EMP0573,David,25884.23,2588.42,28472.65,23632.3,1423.63,3416.72,4840.35
EMP0574,Charlie,59448.95,5944.9,65393.85,54276.9,3269.69,7847.26,11116.95
EMP0575,Emily,77462.57,7746.26,85208.83,70723.33,4260.44,10225.06,14485.5
EMP0576,Charlie,51572.12,5157.21,56729.33,47085.34,2836.47,6807.52,9643.99
EMP0577,Emily,33967.53,3396.75,37364.28,31012.36,1868.21,4483.71,6351.92
EMP0578,Jack,35571.11,3557.11,39128.22,32476.42,1956.41,4695.39,6651.8
EMP0579,David,85381.82,8538.18,93920.0,77953.6,4696.0,11270.4,15966.4
EMP0580,Charlie,89894.75,8989.48,98884.23,82073.91,4944.21,11866.11,16810.32
EMP0581,David,82973.4,8297.34,91270.74,75754.71,4563.54,10952.49,15516.03
EMP0582,Frank,73155.92,7315.59,80471.51,66791.35,4023.58,9656.58,13680.16
EMP0583,Henry,43138.16,4313.82,47451.98,39385.14,2372.6,5694.24,8066.84
EMP0584,Henry,99833.36,9983.34,109816.7,91147.86,5490.84,13178.0,18668.84
EMP0585,David,42441.53,4244.15,46685.68,38749.12,2334.28,5602.28,7936.56
EMP0586,Jack,90134.95,9013.5,99148.45,82293.22,4957.42,11897.81,16855.23
EMP0587,Grace,20601.37,2060.14,22661.51,18809.05,1133.08,2719.38,3852.46
EMP0588,Alice,55466.87,5546.69,61013.56,50641.25,3050.68,7321.63,10372.31
EMP0589,Bob,95850.03,9585.0,105435.03,87511.08,5271.75,12652.2,17923.95
EMP0590,Jack,99948.59,9994.86,109943.45,91253.07,5497.17,13193.21,18690.38
EMP0591,Charlie,40890.7,4089.07,44979.77,37333.21,2248.99,5397.57,7646.56
EMP0592,Frank,70142.16,7014.22,77156.38,64039.79,3857.82,9258.77,13116.59
EMP0593,Bob,49658.24,4965.82,54624.06,45337.97,2731.2,6554.89,9286.09
EMP0594,Bob,36694.44,3669.44,40363.88,33502.02,2018.19,4843.67,6861.86
EMP0595,Frank,95233.5,9523.35,104756.85,86948.19,5237.84,12570.82,17808.66
EMP0596,Ivy,81109.45,8110.94,89220.39,74052.92,4461.02,10706.45,15167.47
EMP0597,Henry,47218.02,4721.8,51939.82,43110.05,2596.99,6232.78,8829.77
EMP0598,Grace,94018.17,9401.82,103419.99,85838.59,5171.0,12410.4,17581.4
EMP0599,Emily,85560.15,8556.01,94116.16,78116.41,4705.81,11293.94,15999.75
EMP0600,Grace,54303.49,5430.35,59733.84,49579.09,2986.69,7168.06,10154.75
EMP0601,Frank,42014.97,4201.5,46216.47,38359.67,2310.82,5545.98,7856.8
EMP0602,David,95875.64,9587.56,105463.2,87534.46,5273.16,12655.58,17928.74
EMP0603,Charlie,51815.19,5181.52,56996.71,47307.26,2849.84,6839.61,9689.45
EMP0604,Frank,84339.31,8433.93,92773.24,77001.79,4638.66,11132.79,15771.45
EMP0605,Charlie,67167.76,6716.78,73884.54,61324.17,3694.23,8866.14,12560.37
EMP0606,Emily,51466.52,5146.65,56613.17,46988.93,2830.66,6793.58,9624.24
EMP0607,Grace,61989.56,6198.96,68188.52,56596.47,3409.43,8182.62,11592.05
EMP0608,Alice,58036.7,5803.67,63840.37,52987.51,3192.02,7660.84,10852.86
EMP0609,Frank,32654.32,3265.43,35919.75,29813.39,1795.99,4310.37,6106.36
EMP0610,Grace,74190.29,7419.03,81609.32,67735.73,4080.47,9793.12,13873.59
EMP0611,Frank,20532.1,2053.21,22585.31,18745.8,1129.27,2710.24,3839.51
EMP0612,Emily,25567.69,2556.77,28124.46,23343.3,1406.22,3374.94,4781.16
EMP0613,Bob,52944.59,5294.46,58239.05,48338.41,2911.95,6988.69,9900.64
EMP0614,Ivy,71818.52,7181.85,79000.37,65570.31,3950.02,9480.04,13430.06
EMP0615,Emily,46016.52,4601.65,50618.17,42013.08,2530.91,6074.18,8605.09
EMP0616,Ivy,34121.83,3412.18,37534.01,31153.23,1876.7,4504.08,6380.78
EMP0617,Ivy,51599.44,5159.94,56759.38,47110.28,2837.97,6811.13,9649.1
EMP0618,Jack,93282.22,9328.22,102610.44,85166.67,5130.52,12313.25,17443.77
EMP0619,Charlie,20532.63,2053.26,22585.89,18746.29,1129.29,2710.31,3839.6
EMP0620,Ivy,93763.38,9376.34,103139.72,85605.96,5156.99,12376.77,17533.76
EMP0621,Jack,67456.5,6745.65,74202.15,61587.78,3710.11,8904.26,12614.37
EMP0622,Bob,25191.26,2519.13,27710.39,22999.62,1385.52,3325.25,4710.77
EMP0623,Charlie,91322.94,9132.29,100455.23,83377.84,5022.76,12054.63,17077.39
EMP0624,Jack,39353.69,3935.37,43289.06,35929.92,2164.45,5194.69,7359.14
EMP0625,Emily,30816.4,3081.64,33898.04,28135.38,1694.9,4067.76,5762.66
EMP0626,Frank,66030.02,6603.0,72633.02,60285.41,3631.65,8715.96,12347.61
EMP0627,Bob,76126.91,7612.69,83739.6,69503.87,4186.98,10048.75,14235.73
EMP0628,Grace,54640.36,5464.04,60104.4,49886.65,3005.22,7212.53,10217.75
EMP0629,Emily,93955.3,9395.53,103350.83,85781.19,5167.54,12402.1,17569.64
EMP0630,Ivy,70868.31,7086.83,77955.14,64702.76,3897.76,9354.62,13252.38
EMP0631,Emily,24803.06,2480.31,27283.37,22645.2,1364.17,3274.0,4638.17
EMP0632,Alice,77359.11,7735.91,85095.02,70628.87,4254.75,10211.4,14466.15
EMP0633,Jack,36859.79,3685.98,40545.77,33652.99,2027.29,4865.49,6892.78
EMP0634,Alice,69434.31,6943.43,76377.74,63393.52,3818.89,9165.33,12984.22
EMP0635,Grace,99738.97,9973.9,109712.87,91061.69,5485.64,13165.54,18651.18
EMP0636,Bob,99966.78,9996.68,109963.46,91269.67,5498.17,13195.62,18693.79
EMP0637,David,50526.37,5052.64,55579.01,46130.58,2778.95,6669.48,9448.43
EMP0638,Grace,44273.34,4427.33,48700.67,40421.56,2435.03,5844.08,8279.11
EMP0639,Bob,79769.94,7976.99,87746.93,72829.95,4387.35,10529.63,14916.98
EMP0640,David,74282.43,7428.24,81710.67,67819.86,4085.53,9805.28,13890.81
EMP0641,Charlie,60876.5,6087.65,66964.15,55580.24,3348.21,8035.7,11383.91
EMP0642,Charlie,92111.99,9211.2,101323.19,84098.25,5066.16,12158.78,17224.94
EMP0643,Ivy,24652.06,2465.21,27117.27,22507.34,1355.86,3254.07,4609.93
EMP0644,Emily,54375.27,5437.53,59812.8,49644.62,2990.64,7177.54,10168.18
EMP0645,Emily,79222.92,7922.29,87145.21,72330.52,4357.26,10457.43,14814.69
EMP0646,Charlie,91415.88,9141.59,100557.47,83462.7,5027.87,12066.9,17094.77
EMP0647,Frank,35299.55,3529.96,38829.51,32228.49,1941.48,4659.54,6601.02
EMP0648,Emily,20299.12,2029.91,22329.03,18533.1,1116.45,2679.48,3795.93
EMP0649,Jack,33555.4,3355.54,36910.94,30636.08,1845.55,4429.31,6274.86
EMP0650,David,40705.5,4070.55,44776.05,37164.12,2238.8,5373.13,7611.93
EMP0651,Bob,76275.39,7627.54,83902.93,69639.43,4195.15,10068.35,14263.5
EMP0652,Emily,55580.82,5558.08,61138.9,50745.28,3056.95,7336.67,10393.62
EMP0653,Alice,17967.29,1796.73,19764.02,16404.14,988.2,2371.68,3359.88
EMP0654,Bob,75875.01,7587.5,83462.51,69273.88,4173.13,10015.5,14188.63
EMP0655,Ivy,98304.28,9830.43,108134.71,89751.8,5406.74,12976.17,18382.91
EMP0656,Alice,32810.42,3281.04,36091.46,29955.91,1804.57,4330.98,6135.55
EMP0657,David,78303.81,7830.38,86134.19,71491.38,4306.71,10336.1,14642.81
EMP0658,Alice,98680.35,9868.04,108548.39,90095.16,5427.42,13025.81,18453.23
EMP0659,Henry,83286.52,8328.65,91615.17,76040.59,4580.76,10993.82,15574.58
EMP0660,Jack,56916.45,5691.65,62608.1,51964.72,3130.41,7512.97,10643.38
EMP0661,Ivy,41980.2,4198.02,46178.22,38327.92,2308.91,5541.39,7850.3
EMP0662,Alice,87260.08,8726.01,95986.09,79668.46,4799.3,11518.33,16317.63
EMP0663,Charlie,20901.43,2090.14,22991.57,19083.0,1149.58,2758.99,3908.57
EMP0664,Jack,75298.56,7529.86,82828.42,68747.59,4141.42,9939.41,14080.83
EMP0665,Ivy,68539.32,6853.93,75393.25,62576.4,3769.66,9047.19,12816.85
EMP0666,Alice,57465.23,5746.52,63211.75,52465.75,3160.59,7585.41,10746.0
EMP0667,Henry,19899.74,1989.97,21889.71,18168.45,1094.49,2626.77,3721.26
EMP0668,Alice,83957.56,8395.76,92353.32,76653.25,4617.67,11082.4,15700.07
EMP0669,Ivy,92189.47,9218.95,101408.42,84168.99,5070.42,12169.01,17239.43
EMP0670,Bob,94416.09,9441.61,103857.7,86201.89,5192.89,12462.92,17655.81
EMP0671,Henry,80222.76,8022.28,88245.04,73243.39,4412.25,10589.4,15001.65
EMP0672,David,64573.21,6457.32,71030.53,58955.34,3551.53,8523.66,12075.19
EMP0673,Frank,87630.29,8763.03,96393.32,80006.45,4819.67,11567.2,16386.87
EMP0674,Jack,38544.14,3854.41,42398.55,35190.79,2119.93,5087.83,7207.76
EMP0675,Bob,29562.96,2956.3,32519.26,26990.99,1625.96,3902.31,5528.27
EMP0676,Henry,26415.49,2641.55,29057.04,24117.35,1452.85,3486.84,4939.69
EMP0677,Frank,40165.46,4016.55,44182.01,36671.07,2209.1,5301.84,7510.94
EMP0678,Emily,17924.89,1792.49,19717.38,16365.42,985.87,2366.09,3351.96
EMP0679,Charlie,30280.05,3028.01,33308.06,27645.69,1665.4,3996.97,5662.37
EMP0680,David,19691.62,1969.16,21660.78,17978.45,1083.04,2599.29,3682.33
EMP0681,Grace,98783.12,9878.31,108661.43,90188.99,5433.07,13039.37,18472.44
EMP0682,Ivy,72224.72,7222.47,79447.19,65941.17,3972.36,9533.66,13506.02
EMP0683,Frank,25795.0,2579.5,28374.5,23550.83,1418.73,3404.94,4823.67
EMP0684,Grace,23709.58,2370.96,26080.54,21646.85,1304.03,3129.66,4433.69
EMP0685,Henry,76121.15,7612.11,83733.26,69498.61,4186.66,10047.99,14234.65
EMP0686,Alice,99393.97,9939.4,109333.37,90746.7,5466.67,13120.0,18586.67
EMP0687,Grace,55043.37,5504.34,60547.71,50254.59,3027.39,7265.73,10293.12
EMP0688,Charlie,48370.57,4837.06,53207.63,44162.33,2660.38,6384.92,9045.3
EMP0689,Henry,98611.29,9861.13,108472.42,90032.11,5423.62,13016.69,18440.31
EMP0690,Charlie,51439.86,5143.99,56583.85,46964.6,2829.19,6790.06,9619.25
EMP0691,Grace,67285.71,6728.57,74014.28,61431.86,3700.71,8881.71,12582.42
EMP0692,Frank,85041.66,8504.17,93545.83,77643.04,4677.29,11225.5,15902.79
EMP0693,Bob,88267.34,8826.73,97094.07,80588.08,4854.7,11651.29,16505.99
EMP0694,Jack,32218.77,3221.88,35440.65,29415.74,1772.03,4252.88,6024.91
EMP0695,Emily,45870.79,4587.08,50457.87,41880.04,2522.89,6054.94,8577.83
EMP0696,Jack,44094.72,4409.47,48504.19,40258.48,2425.21,5820.5,8245.71
EMP0697,Henry,88247.54,8824.75,97072.29,80570.01,4853.61,11648.67,16502.28
EMP0698,Bob,22730.86,2273.09,25003.95,20753.28,1250.2,3000.47,4250.67
EMP0699,Charlie,90919.48,9091.95,100011.43,83009.49,5000.57,12001.37,17001.94
EMP0700,Grace,96501.63,9650.16,106151.79,88105.99,5307.59,12738.21,18045.8
EMP0701,Alice,62145.07,6214.51,68359.58,56738.45,3417.98,8203.15,11621.13
EMP0702,Ivy,52689.3,5268.93,57958.23,48105.33,2897.91,6954.99,9852.9
EMP0703,Jack,48895.87,4889.59,53785.46,44641.93,2689.27,6454.26,9143.53
EMP0704,Alice,49617.47,4961.75,54579.22,45300.75,2728.96,6549.51,9278.47
EMP0705,Alice,52922.48,5292.25,58214.73,48318.22,2910.74,6985.77,9896.51
EMP0706,Ivy,15139.01,1513.9,16652.91,13821.91,832.65,1998.35,2831.0
EMP0707,Grace,55471.3,5547.13,61018.43,50645.3,3050.92,7322.21,10373.13
EMP0708,Alice,94869.73,9486.97,104356.7,86616.06,5217.84,12522.8,17740.64
EMP0709,David,36153.54,3615.35,39768.89,33008.18,1988.44,4772.27,6760.71
EMP0710,Bob,74610.03,7461.0,82071.03,68118.96,4103.55,9848.52,13952.07
EMP0711,Jack,97068.24,9706.82,106775.06,88623.3,5338.75,12813.01,18151.76
EMP0712,Emily,90783.48,9078.35,99861.83,82885.32,4993.09,11983.42,16976.51
EMP0713,David,86958.47,8695.85,95654.32,79393.08,4782.72,11478.52,16261.24
EMP0714,Alice,93872.84,9387.28,103260.12,85705.9,5163.01,12391.21,17554.22
EMP0715,Ivy,96436.74,9643.67,106080.41,88046.74,5304.02,12729.65,18033.67
EMP0716,Emily,57208.59,5720.86,62929.45,52231.45,3146.47,7551.53,10698.0
EMP0717,Ivy,22574.37,2257.44,24831.81,20610.4,1241.59,2979.82,4221.41
EMP0718,Emily,41615.13,4161.51,45776.64,37994.61,2288.83,5493.2,7782.03
EMP0719,Charlie,98172.6,9817.26,107989.86,89631.59,5399.49,12958.78,18358.27
EMP0720,Alice,71799.91,7179.99,78979.9,65553.32,3948.99,9477.59,13426.58
EMP0721,Bob,49751.58,4975.16,54726.74,45423.19,2736.34,6567.21,9303.55
EMP0722,Charlie,25323.0,2532.3,27855.3,23119.89,1392.77,3342.64,4735.41
EMP0723,Grace,96461.95,9646.19,106108.14,88069.75,5305.41,12732.98,18038.39
EMP0724,Bob,84789.63,8478.96,93268.59,77412.93,4663.43,11192.23,15855.66
EMP0725,Alice,77795.36,7779.54,85574.9,71027.17,4278.74,10268.99,14547.73
EMP0726,Charlie,41700.32,4170.03,45870.35,38072.39,2293.52,5504.44,7797.96
EMP0727,Grace,18936.27,1893.63,20829.9,17288.81,1041.5,2499.59,3541.09
EMP0728,Frank,95446.07,9544.61,104990.68,87142.27,5249.53,12598.88,17848.41
EMP0729,Bob,41568.65,4156.87,45725.52,37952.18,2286.28,5487.06,7773.34
EMP0730,Ivy,43872.16,4387.22,48259.38,40055.28,2412.97,5791.13,8204.1
EMP0731,Charlie,40324.93,4032.49,44357.42,36816.66,2217.87,5322.89,7540.76
EMP0732,David,88822.61,8882.26,97704.87,81095.05,4885.24,11724.58,16609.82
EMP0733,Jack,79366.25,7936.62,87302.87,72461.39,4365.14,10476.34,14841.48
EMP0734,Bob,23230.11,2323.01,25553.12,21209.09,1277.66,3066.37,4344.03
EMP0735,Jack,55480.21,5548.02,61028.23,50653.43,3051.41,7323.39,10374.8
EMP0736,Charlie,35927.48,3592.75,39520.23,32801.79,1976.01,4742.43,6718.44
EMP0737,Charlie,78669.13,7866.91,86536.04,71824.92,4326.8,10384.32,14711.12
EMP0738,Alice,38831.78,3883.18,42714.96,35453.41,2135.75,5125.8,7261.55
EMP0739,Ivy,81415.1,8141.51,89556.61,74331.99,4477.83,10746.79,15224.62
EMP0740,Henry,62146.86,6214.69,68361.55,56740.08,3418.08,8203.39,11621.47
EMP0741,Jack,76333.14,7633.31,83966.45,69692.16,4198.32,10075.97,14274.29
EMP0742,Bob,34025.03,3402.5,37427.53,31064.85,1871.38,4491.3,6362.68
EMP0743,Henry,41139.34,4113.93,45253.27,37560.22,2262.66,5430.39,7693.05
EMP0744,Emily,15244.25,1524.43,16768.68,13918.01,838.43,2012.24,2850.67
EMP0745,Jack,22559.42,2255.94,24815.36,20596.75,1240.77,2977.84,4218.61
EMP0746,Grace,30671.47,3067.15,33738.62,28003.06,1686.93,4048.63,5735.56
EMP0747,Charlie,67198.2,6719.82,73918.02,61351.96,3695.9,8870.16,12566.06
EMP0748,Henry,75488.33,7548.83,83037.16,68920.84,4151.86,9964.46,14116.32
EMP0749,Henry,36483.03,3648.3,40131.33,33309.0,2006.57,4815.76,6822.33
EMP0750,Henry,31936.66,3193.67,35130.33,29158.17,1756.52,4215.64,5972.16
EMP0751,Jack,86223.46,8622.35,94845.81,78722.02,4742.29,11381.5,16123.79
EMP0752,Emily,49835.23,4983.52,54818.75,45499.56,2740.94,6578.25,9319.19
EMP0753,David,66829.44,6682.94,73512.38,61015.27,3675.62,8821.49,12497.11
EMP0754,Frank,19214.71,1921.47,21136.18,17543.03,1056.81,2536.34,3593.15
EMP0755,Ivy,29488.39,2948.84,32437.23,26922.9,1621.86,3892.47,5514.33
EMP0756,Grace,63974.0,6397.4,70371.4,58408.26,3518.57,8444.57,11963.14
EMP0757,Alice,62255.65,6225.57,68481.22,56839.41,3424.06,8217.75,11641.81
EMP0758,Emily,16117.88,1611.79,17729.67,14715.63,886.48,2127.56,3014.04
EMP0759,Ivy,64691.25,6469.12,71160.37,59063.11,3558.02,8539.24,12097.26
EMP0760,Alice,47379.24,4737.92,52117.16,43257.24,2605.86,6254.06,8859.92
EMP0761,Jack,41804.44,4180.44,45984.88,38167.45,2299.24,5518.19,7817.43
EMP0762,Ivy,81526.63,8152.66,89679.29,74433.82,4483.96,10761.51,15245.47
EMP0763,Bob,81419.42,8141.94,89561.36,74335.93,4478.07,10747.36,15225.43
EMP0764,Bob,31040.76,3104.08,34144.84,28340.22,1707.24,4097.38,5804.62
EMP0765,Henry,46673.98,4667.4,51341.38,42613.34,2567.07,6160.97,8728.04
EMP0766,Jack,88884.8,8888.48,97773.28,81151.83,4888.66,11732.79,16621.45
EMP0767,Alice,69707.23,6970.72,76677.95,63642.7,3833.9,9201.35,13035.25
EMP0768,Henry,47891.89,4789.19,52681.08,43725.3,2634.05,6321.73,8955.78
EMP0769,Alice,53623.96,5362.4,58986.36,48958.68,2949.32,7078.36,10027.68
EMP0770,Emily,49240.44,4924.04,54164.48,44956.52,2708.22,6499.74,9207.96
EMP0771,Alice,30704.35,3070.43,33774.78,28033.07,1688.74,4052.97,5741.71
EMP0772,Jack,53866.28,5386.63,59252.91,49179.91,2962.65,7110.35,10073.0
EMP0773,Emily,99436.22,9943.62,109379.84,90785.27,5468.99,13125.58,18594.57
EMP0774,Alice,87618.25,8761.83,96380.08,79995.47,4819.0,11565.61,16384.61
EMP0775,Grace,64673.61,6467.36,71140.97,59047.0,3557.05,8536.92,12093.97
EMP0776,Emily,15250.33,1525.03,16775.36,13923.55,838.77,2013.04,2851.81
EMP0777,Grace,53259.86,5325.99,58585.85,48626.26,2929.29,7030.3,9959.59
EMP0778,Grace,96016.01,9601.6,105617.61,87662.62,5280.88,12674.11,17954.99
EMP0779,Emily,26047.79,2604.78,28652.57,23781.63,1432.63,3438.31,4870.94
EMP0780,Henry,92396.9,9239.69,101636.59,84358.37,5081.83,12196.39,17278.22
EMP0781,Emily,84175.87,8417.59,92593.46,76852.57,4629.67,11111.22,15740.89
EMP0782,Ivy,87884.32,8788.43,96672.75,80238.38,4833.64,11600.73,16434.37
EMP0783,Emily,58735.96,5873.6,64609.56,53625.93,3230.48,7753.15,10983.63
EMP0784,Ivy,25607.72,2560.77,28168.49,23379.85,1408.42,3380.22,4788.64
EMP0785,Frank,28134.7,2813.47,30948.17,25686.98,1547.41,3713.78,5261.19
EMP0786,Frank,38583.5,3858.35,42441.85,35226.74,2122.09,5093.02,7215.11
EMP0787,Emily,77827.23,7782.72,85609.95,71056.26,4280.5,10273.19,14553.69
EMP0788,Alice,43130.92,4313.09,47444.01,39378.53,2372.2,5693.28,8065.48
EMP0789,Grace,92957.0,9295.7,102252.7,84869.74,5112.64,12270.32,17382.96
EMP0790,Frank,46107.23,4610.72,50717.95,42095.9,2535.9,6086.15,8622.05
EMP0791,Ivy,73881.31,7388.13,81269.44,67453.64,4063.47,9752.33,13815.8
EMP0792,Bob,28430.88,2843.09,31273.97,25957.39,1563.7,3752.88,5316.58
EMP0793,Bob,64122.6,6412.26,70534.86,58543.94,3526.74,8464.18,11990.92
EMP0794,Ivy,99777.81,9977.78,109755.59,91097.14,5487.78,13170.67,18658.45
EMP0795,David,99960.33,9996.03,109956.36,91263.78,5497.82,13194.76,18692.58
EMP0796,Bob,76404.96,7640.5,84045.46,69757.73,4202.27,10085.46,14287.73
EMP0797,Emily,58440.14,5844.01,64284.15,53355.84,3214.21,7714.1,10928.31
EMP0798,Bob,54573.57,5457.36,60030.93,49825.67,3001.55,7203.71,10205.26
EMP0799,Henry,76406.59,7640.66,84047.25,69759.22,4202.36,10085.67,14288.03
EMP0800,Ivy,47790.43,4779.04,52569.47,43632.66,2628.47,6308.34,8936.81
EMP0801,Ivy,35460.1,3546.01,39006.11,32375.07,1950.31,4680.73,6631.04
EMP0802,Henry,33598.93,3359.89,36958.82,30675.82,1847.94,4435.06,6283.0
EMP0803,Bob,51456.9,5145.69,56602.59,46980.15,2830.13,6792.31,9622.44
EMP0804,Ivy,36384.88,3638.49,40023.37,33219.4,2001.17,4802.8,6803.97
EMP0805,Frank,45036.38,4503.64,49540.02,41118.22,2477.0,5944.8,8421.8
EMP0806,David,74730.93,7473.09,82204.02,68229.34,4110.2,9864.48,13974.68
EMP0807,Grace,91006.07,9100.61,100106.68,83088.55,5005.33,12012.8,17018.13
EMP0808,Bob,80336.13,8033.61,88369.74,73346.88,4418.49,10604.37,15022.86
EMP0809,Bob,79918.16,7991.82,87909.98,72965.28,4395.5,10549.2,14944.7
EMP0810,Henry,89080.31,8908.03,97988.34,81330.32,4899.42,11758.6,16658.02
EMP0811,Emily,63085.04,6308.5,69393.54,57596.64,3469.68,8327.22,11796.9
EMP0812,Bob,71006.97,7100.7,78107.67,64829.37,3905.38,9372.92,13278.3
EMP0813,Henry,29383.48,2938.35,32321.83,26827.12,1616.09,3878.62,5494.71
EMP0814,Bob,45594.01,4559.4,50153.41,41627.33,2507.67,6018.41,8526.08
EMP0815,Emily,97356.68,9735.67,107092.35,88886.65,5354.62,12851.08,18205.7
EMP0816,David,51708.52,5170.85,56879.37,47209.88,2843.97,6825.52,9669.49
EMP0817,Ivy,47378.19,4737.82,52116.01,43256.29,2605.8,6253.92,8859.72
EMP0818,Ivy,37128.17,3712.82,40840.99,33898.02,2042.05,4900.92,6942.97
EMP0819,Jack,89870.93,8987.09,98858.02,82052.16,4942.9,11862.96,16805.86
EMP0820,Frank,49851.8,4985.18,54836.98,45514.69,2741.85,6580.44,9322.29
EMP0821,Henry,65600.39,6560.04,72160.43,59893.16,3608.02,8659.25,12267.27
EMP0822,Jack,53532.24,5353.22,58885.46,48874.93,2944.27,7066.26,10010.53
EMP0823,Frank,50907.51,5090.75,55998.26,46478.56,2799.91,6719.79,9519.7
EMP0824,Alice,20266.8,2026.68,22293.48,18503.59,1114.67,2675.22,3789.89
EMP0825,Alice,97853.98,9785.4,107639.38,89340.68,5381.97,12916.73,18298.7
EMP0826,David,15555.79,1555.58,17111.37,14202.44,855.57,2053.36,2908.93
EMP0827,Emily,92243.97,9224.4,101468.37,84218.75,5073.42,12176.2,17249.62
EMP0828,Charlie,65165.06,6516.51,71681.57,59495.7,3584.08,8601.79,12185.87
EMP0829,Grace,72847.16,7284.72,80131.88,66509.46,4006.59,9615.83,13622.42
EMP0830,Ivy,58663.07,5866.31,64529.38,53559.38,3226.47,7743.53,10970.0
EMP0831,David,85462.57,8546.26,94008.83,78027.33,4700.44,11281.06,15981.5
EMP0832,David,48794.14,4879.41,53673.55,44549.04,2683.68,6440.83,9124.51
EMP0833,Emily,38656.92,3865.69,42522.61,35293.77,2126.13,5102.71,7228.84
EMP0834,Henry,60651.85,6065.19,66717.04,55375.15,3335.85,8006.04,11341.89
EMP0835,Ivy,21731.4,2173.14,23904.54,19840.77,1195.23,2868.54,4063.77
EMP0836,Ivy,28494.31,2849.43,31343.74,26015.3,1567.19,3761.25,5328.44
EMP0837,Bob,73180.36,7318.04,80498.4,66813.67,4024.92,9659.81,13684.73
EMP0838,Ivy,63298.95,6329.9,69628.85,57791.95,3481.44,8355.46,11836.9
EMP0839,Alice,30085.32,3008.53,33093.85,27467.9,1654.69,3971.26,5625.95
EMP0840,Charlie,52245.6,5224.56,57470.16,47700.23,2873.51,6896.42,9769.93
EMP0841,Charlie,33794.58,3379.46,37174.04,30854.46,1858.7,4460.88,6319.58
EMP0842,Grace,92753.07,9275.31,102028.38,84683.55,5101.42,12243.41,17344.83
EMP0843,Frank,43633.8,4363.38,47997.18,39837.66,2399.86,5759.66,8159.52
EMP0844,Alice,72026.54,7202.65,79229.19,65760.23,3961.46,9507.5,13468.96
EMP0845,Charlie,91232.05,9123.2,100355.25,83294.86,5017.76,12042.63,17060.39
EMP0846,Emily,15496.14,1549.61,17045.75,14147.97,852.29,2045.49,2897.78
EMP0847,Ivy,52958.49,5295.85,58254.34,48351.1,2912.72,6990.52,9903.24
EMP0848,Bob,42197.71,4219.77,46417.48,38526.51,2320.87,5570.1,7890.97
EMP0849,David,99769.63,9976.96,109746.59,91089.67,5487.33,13169.59,18656.92
EMP0850,David,94680.26,9468.03,104148.29,86443.09,5207.41,12497.79,17705.2
EMP0851,Charlie,69954.61,6995.46,76950.07,63868.56,3847.5,9234.01,13081.51
EMP0852,Grace,70103.41,7010.34,77113.75,64004.41,3855.69,9253.65,13109.34
EMP0853,Ivy,92747.07,9274.71,102021.78,84678.08,5101.09,12242.61,17343.7
EMP0854,Charlie,50860.55,5086.06,55946.61,46435.69,2797.33,6713.59,9510.92
EMP0855,David,20093.22,2009.32,22102.54,18345.11,1105.13,2652.3,3757.43
EMP0856,Henry,45672.31,4567.23,50239.54,41698.82,2511.98,6028.74,8540.72
EMP0857,Bob,74754.27,7475.43,82229.7,68250.66,4111.48,9867.56,13979.04
EMP0858,Grace,40211.45,4021.14,44232.59,36713.05,2211.63,5307.91,7519.54
EMP0859,Bob,82063.89,8206.39,90270.28,74924.34,4513.51,10832.43,15345.94
EMP0860,Charlie,45619.37,4561.94,50181.31,41650.48,2509.07,6021.76,8530.83
EMP0861,David,67439.82,6743.98,74183.8,61572.55,3709.19,8902.06,12611.25
EMP0862,Jack,69301.4,6930.14,76231.54,63272.18,3811.58,9147.78,12959.36
EMP0863,Jack,17207.68,1720.77,18928.45,15710.62,946.42,2271.41,3217.83
EMP0864,Emily,64042.35,6404.24,70446.59,58470.67,3522.33,8453.59,11975.92
EMP0865,Alice,75977.09,7597.71,83574.8,69367.08,4178.74,10028.98,14207.72
EMP0866,Alice,86457.98,8645.8,95103.78,78936.14,4755.19,11412.45,16167.64
EMP0867,Alice,15378.4,1537.84,16916.24,14040.48,845.81,2029.95,2875.76
EMP0868,Alice,96718.71,9671.87,106390.58,88304.18,5319.53,12766.87,18086.4
EMP0869,Charlie,27566.03,2756.6,30322.63,25167.78,1516.13,3638.72,5154.85
EMP0870,Jack,67555.59,6755.56,74311.15,61678.25,3715.56,8917.34,12632.9
EMP0871,Grace,94460.1,9446.01,103906.11,86242.07,5195.31,12468.73,17664.04
EMP0872,Bob,15863.98,1586.4,17450.38,14483.81,872.52,2094.05,2966.57
EMP0873,Alice,96890.24,9689.02,106579.26,88460.79,5328.96,12789.51,18118.47
EMP0874,Henry,83850.97,8385.1,92236.07,76555.94,4611.8,11068.33,15680.13
EMP0875,Emily,80881.27,8088.13,88969.4,73844.6,4448.47,10676.33,15124.8
EMP0876,Charlie,35605.02,3560.5,39165.52,32507.38,1958.28,4699.86,6658.14
EMP0877,Alice,69009.04,6900.9,75909.94,63005.25,3795.5,9109.19,12904.69
EMP0878,Alice,32842.87,3284.29,36127.16,29985.54,1806.36,4335.26,6141.62
EMP0879,Frank,86109.3,8610.93,94720.23,78617.79,4736.01,11366.43,16102.44
EMP0880,Grace,83911.06,8391.11,92302.17,76610.8,4615.11,11076.26,15691.37
EMP0881,Grace,31274.73,3127.47,34402.2,28553.83,1720.11,4128.26,5848.37
EMP0882,Ivy,26303.15,2630.32,28933.47,24014.78,1446.67,3472.02,4918.69
EMP0883,Bob,71020.07,7102.01,78122.08,64841.33,3906.1,9374.65,13280.75
EMP0884,Henry,52187.95,5218.8,57406.75,47647.6,2870.34,6888.81,9759.15
EMP0885,David,54828.8,5482.88,60311.68,50058.7,3015.58,7237.4,10252.98
EMP0886,Emily,66428.7,6642.87,73071.57,60649.4,3653.58,8768.59,12422.17
EMP0887,Bob,93703.04,9370.3,103073.34,85550.87,5153.67,12368.8,17522.47
EMP0888,David,77341.18,7734.12,85075.3,70612.49,4253.77,10209.04,14462.81
EMP0889,Ivy,41107.58,4110.76,45218.34,37531.22,2260.92,5426.2,7687.12
EMP0890,David,51268.94,5126.89,56395.83,46808.54,2819.79,6767.5,9587.29
EMP0891,Ivy,36441.67,3644.17,40085.84,33271.25,2004.29,4810.3,6814.59
EMP0892,Henry,44872.21,4487.22,49359.43,40968.33,2467.97,5923.13,8391.1
EMP0893,David,57632.05,5763.21,63395.26,52618.07,3169.76,7607.43,10777.19
EMP0894,Henry,77944.71,7794.47,85739.18,71163.52,4286.96,10288.7,14575.66
EMP0895,Charlie,39744.49,3974.45,43718.94,36286.72,2185.95,5246.27,7432.22
EMP0896,Grace,41168.65,4116.87,45285.52,37586.98,2264.28,5434.26,7698.54
EMP0897,Emily,87081.59,8708.16,95789.75,79505.49,4789.49,11494.77,16284.26
EMP0898,Alice,68313.56,6831.36,75144.92,62370.28,3757.25,9017.39,12774.64
EMP0899,Charlie,23545.97,2354.6,25900.57,21497.47,1295.03,3108.07,4403.1
EMP0900,Alice,53508.67,5350.87,58859.54,48853.42,2942.98,7063.14,10006.12
EMP0901,Henry,26878.41,2687.84,29566.25,24539.99,1478.31,3547.95,5026.26
EMP0902,Ivy,64435.87,6443.59,70879.46,58829.95,3543.97,8505.54,12049.51
EMP0903,David,37136.78,3713.68,40850.46,33905.88,2042.52,4902.06,6944.58
EMP0904,Bob,41940.23,4194.02,46134.25,38291.43,2306.71,5536.11,7842.82
EMP0905,Ivy,99778.51,9977.85,109756.36,91097.78,5487.82,13170.76,18658.58
EMP0906,Bob,66662.61,6666.26,73328.87,60862.97,3666.44,8799.46,12465.9
EMP0907,Bob,86906.93,8690.69,95597.62,79346.03,4779.88,11471.71,16251.59
EMP0908,Grace,30373.68,3037.37,33411.05,27731.17,1670.55,4009.33,5679.88
EMP0909,Bob,38652.02,3865.2,42517.22,35289.29,2125.86,5102.07,7227.93
EMP0910,Bob,52981.93,5298.19,58280.12,48372.5,2914.01,6993.61,9907.62
EMP0911,Jack,87576.27,8757.63,96333.9,79957.14,4816.69,11560.07,16376.76
EMP0912,Frank,83924.45,8392.44,92316.89,76623.02,4615.84,11078.03,15693.87
EMP0913,Grace,22086.62,2208.66,24295.28,20165.09,1214.76,2915.43,4130.19
EMP0914,Emily,65650.09,6565.01,72215.1,59938.53,3610.76,8665.81,12276.57
EMP0915,Emily,64815.67,6481.57,71297.24,59176.71,3564.86,8555.67,12120.53
EMP0916,Frank,93265.12,9326.51,102591.63,85151.05,5129.58,12311.0,17440.58
EMP0917,Frank,54692.15,5469.22,60161.37,49933.94,3008.07,7219.36,10227.43
EMP0918,Grace,60064.08,6006.41,66070.49,54838.51,3303.52,7928.46,11231.98
EMP0919,Frank,18876.14,1887.61,20763.75,17233.91,1038.19,2491.65,3529.84
EMP0920,Frank,84817.38,8481.74,93299.12,77438.27,4664.96,11195.89,15860.85
EMP0921,Alice,17233.01,1723.3,18956.31,15733.73,947.82,2274.76,3222.58
EMP0922,Alice,24377.98,2437.8,26815.78,22257.1,1340.79,3217.89,4558.68
EMP0923,Emily,29497.02,2949.7,32446.72,26930.77,1622.34,3893.61,5515.95
EMP0924,Alice,16726.61,1672.66,18399.27,15271.4,919.96,2207.91,3127.87
EMP0925,Jack,64784.45,6478.44,71262.89,59148.2,3563.14,8551.55,12114.69
EMP0926,Bob,98063.59,9806.36,107869.95,89532.06,5393.5,12944.39,18337.89
EMP0927,Alice,38945.39,3894.54,42839.93,35557.14,2142.0,5140.79,7282.79
EMP0928,Frank,16389.88,1638.99,18028.87,14963.97,901.44,2163.46,3064.9
EMP0929,Ivy,87036.7,8703.67,95740.37,79464.51,4787.02,11488.84,16275.86
EMP0930,Frank,97482.0,9748.2,107230.2,89001.07,5361.51,12867.62,18229.13
EMP0931,Charlie,25145.27,2514.53,27659.8,22957.63,1382.99,3319.18,4702.17
EMP0932,Emily,25630.8,2563.08,28193.88,23400.92,1409.69,3383.27,4792.96
EMP0933,David,49099.35,4909.94,54009.29,44827.72,2700.46,6481.11,9181.57
EMP0934,Emily,80161.15,8016.11,88177.26,73187.13,4408.86,10581.27,14990.13
EMP0935,Henry,94447.33,9444.73,103892.06,86230.41,5194.6,12467.05,17661.65
EMP0936,Henry,58764.02,5876.4,64640.42,53651.55,3232.02,7756.85,10988.87
EMP0937,Frank,44520.14,4452.01,48972.15,40646.88,2448.61,5876.66,8325.27
EMP0938,Alice,21017.64,2101.76,23119.4,19189.1,1155.97,2774.33,3930.3
EMP0939,Grace,84265.7,8426.57,92692.27,76934.59,4634.61,11123.07,15757.68
EMP0940,David,88252.01,8825.2,97077.21,80574.08,4853.86,11649.27,16503.13
EMP0941,Henry,23334.21,2333.42,25667.63,21304.13,1283.38,3080.12,4363.5
EMP0942,David,15033.74,1503.37,16537.11,13725.8,826.86,1984.45,2811.31
EMP0943,Charlie,87758.4,8775.84,96534.24,80123.42,4826.71,11584.11,16410.82
EMP0944,Grace,51935.3,5193.53,57128.83,47416.93,2856.44,6855.46,9711.9
EMP0945,Alice,62589.98,6259.0,68848.98,57144.65,3442.45,8261.88,11704.33
EMP0946,Henry,75580.43,7558.04,83138.47,69004.93,4156.92,9976.62,14133.54
EMP0947,Charlie,60248.26,6024.83,66273.09,55006.67,3313.65,7952.77,11266.42
EMP0948,Charlie,59577.14,5957.71,65534.85,54393.93,3276.74,7864.18,11140.92
EMP0949,Jack,99368.63,9936.86,109305.49,90723.56,5465.27,13116.66,18581.93
EMP0950,Henry,90075.83,9007.58,99083.41,82239.23,4954.17,11890.01,16844.18
EMP0951,Bob,50443.49,5044.35,55487.84,46054.91,2774.39,6658.54,9432.93
EMP0952,Ivy,31035.05,3103.51,34138.56,28335.0,1706.93,4096.63,5803.56
EMP0953,Charlie,65031.06,6503.11,71534.17,59373.36,3576.71,8584.1,12160.81
EMP0954,Grace,89440.77,8944.08,98384.85,81659.43,4919.24,11806.18,16725.42
EMP0955,Alice,64706.25,6470.62,71176.87,59076.81,3558.84,8541.22,12100.06
EMP0956,Henry,91513.81,9151.38,100665.19,83552.11,5033.26,12079.82,17113.08
EMP0957,David,69309.87,6930.99,76240.86,63279.92,3812.04,9148.9,12960.94
EMP0958,Alice,27844.96,2784.5,30629.46,25422.45,1531.47,3675.54,5207.01
EMP0959,Grace,92201.31,9220.13,101421.44,84179.8,5071.07,12170.57,17241.64
EMP0960,Alice,91144.9,9114.49,100259.39,83215.29,5012.97,12031.13,17044.1
EMP0961,Grace,63393.98,6339.4,69733.38,57878.7,3486.67,8368.01,11854.68
EMP0962,Charlie,49480.79,4948.08,54428.87,45175.97,2721.44,6531.46,9252.9
EMP0963,Ivy,35091.18,3509.12,38600.3,32038.24,1930.02,4632.04,6562.06
EMP0964,Bob,66003.26,6600.33,72603.59,60260.98,3630.18,8712.43,12342.61
EMP0965,Frank,67599.33,6759.93,74359.26,61718.19,3717.96,8923.11,12641.07
EMP0966,David,37649.64,3764.96,41414.6,34374.12,2070.73,4969.75,7040.48
EMP0967,David,23315.4,2331.54,25646.94,21286.96,1282.35,3077.63,4359.98
EMP0968,Grace,76472.19,7647.22,84119.41,69819.11,4205.97,10094.33,14300.3
EMP0969,Alice,90654.65,9065.47,99720.12,82767.7,4986.01,11966.41,16952.42
EMP0970,Henry,63934.44,6393.44,70327.88,58372.14,3516.39,8439.35,11955.74
EMP0971,Bob,51566.2,5156.62,56722.82,47079.94,2836.14,6806.74,9642.88
EMP0972,Frank,64087.06,6408.71,70495.77,58511.49,3524.79,8459.49,11984.28
EMP0973,Frank,67923.11,6792.31,74715.42,62013.8,3735.77,8965.85,12701.62
EMP0974,Emily,28659.75,2865.98,31525.73,26166.35,1576.29,3783.09,5359.38
EMP0975,Emily,30346.96,3034.7,33381.66,27706.78,1669.08,4005.8,5674.88
EMP0976,Alice,95740.74,9574.07,105314.81,87411.29,5265.74,12637.78,17903.52
EMP0977,Ivy,39594.61,3959.46,43554.07,36149.88,2177.7,5226.49,7404.19
EMP0978,Ivy,87249.6,8724.96,95974.56,79658.88,4798.73,11516.95,16315.68
EMP0979,Bob,25317.48,2531.75,27849.23,23114.86,1392.46,3341.91,4734.37
EMP0980,Ivy,57852.27,5785.23,63637.5,52819.12,3181.88,7636.5,10818.38
EMP0981,Ivy,98155.55,9815.56,107971.11,89616.02,5398.56,12956.53,18355.09
EMP0982,Charlie,81647.65,8164.76,89812.41,74544.3,4490.62,10777.49,15268.11
EMP0983,Charlie,16158.87,1615.89,17774.76,14753.05,888.74,2132.97,3021.71
EMP0984,Bob,16213.69,1621.37,17835.06,14803.1,891.75,2140.21,3031.96
EMP0985,David,82921.97,8292.2,91214.17,75707.76,4560.71,10945.7,15506.41
EMP0986,David,97240.85,9724.09,106964.94,88780.9,5348.25,12835.79,18184.04
EMP0987,Jack,38930.61,3893.06,42823.67,35543.65,2141.18,5138.84,7280.02
EMP0988,Ivy,35855.42,3585.54,39440.96,32735.99,1972.05,4732.92,6704.97
EMP0989,Frank,28234.96,2823.5,31058.46,25778.52,1552.92,3727.02,5279.94
EMP0990,Charlie,20948.59,2094.86,23043.45,19126.07,1152.17,2765.21,3917.38
EMP0991,Ivy,89425.66,8942.57,98368.23,81645.63,4918.41,11804.19,16722.6
EMP0992,Emily,17593.98,1759.4,19353.38,16063.3,967.67,2322.41,3290.08
EMP0993,David,48683.03,4868.3,53551.33,44447.6,2677.57,6426.16,9103.73
EMP0994,Ivy,18227.81,1822.78,20050.59,16641.99,1002.53,2406.07,3408.6
EMP0995,David,55185.86,5518.59,60704.45,50384.7,3035.22,7284.53,10319.75
EMP0996,Jack,39439.82,3943.98,43383.8,36008.55,2169.19,5206.06,7375.25
EMP0997,Ivy,98900.18,9890.02,108790.2,90295.87,5439.51,13054.82,18494.33
EMP0998,David,22353.11,2235.31,24588.42,20408.39,1229.42,2950.61,4180.03
EMP0999,Charlie,45933.5,4593.35,50526.85,41937.29,2526.34,6063.22,8589.56
EMP1000,Ivy,94317.45,9431.75,103749.2,86111.84,5187.46,12449.9,17637.36
